DCode,Name,Search,Prifix
01001,kCS,,8
01001A,kCS    *05/10,,8
01001B,kCSߋ,,8
01002,kCS,,8
01002A,kCS,,8
01002B,kCSʒ,,8
01003,kC݌S,,8
01003A,kC݌Sݒ,,8
01003B,kC݌Sl,,8
01004,kCcS           *05/9,,8
01004A,kCcSc     *05/9,,8
01005,kCԑS,,8
01005A,kCԑSʒ   *06/3,,8
01005B,kCԑSÕʒ,,8
01005C,kCԑSՑ   *06/3,,8
01005D,kCԑSy,,8
01005E,kCԑS,,8
01006,kCcS(u),,8
01006A,kCcS(u)ɒ,,8
01006B,kCcS(u)m,,8
01006C,kCcS(u)^둺,,8
01006D,kCcS(u)s,,8
01006E,kCcS(u)Εʒ,,8
01006F,kCcS(u)jZR,,8
01007,kCcS(_U),,8
01007A,kCcS(_U)ꑺ *06/3,,8
01007B,kCcS(_U)c *06/3,,8
01007C,kCcS(_U)LY,,8
01007D,kCcS(_U)Β,,8
01008,kCΎS,,8
01008A,kCΎSΎ뒬     *96/8,,8
01008B,kCΎSVÑ,,8
01008C,kCΎSʒ,,8
01009,kCJS,,8
01009A,kCJSz,,8
0101,kCDys,,8
01010,kCS,,8
010101,Dys,,8
010102,Dysk,,8
010103,Dys,,8
010104,Dys΋,,8
010105,DysL,,8
010106,Dys,,8
010107,Dys,,8
010108,Dysʋ,,8
010109,Dys,,8
01010A,kCS,,8
01010B,kCSa,,8
01011,kCLS,,8
010110,Dysc,,8
01011A,kCLSꑺ     *06/2,,8
01011B,kCLSs˒,,8
01012,kC̊S           *55/1,,8
01013,kCY͌S,,8
01013A,kCY͌SY͒,,8
01014,kCJS(m),,8
01014A,kCJS(m)ʒ,,8
01014B,kCJS(m)w,,8
01014C,kCJS(m)J,,8
01014D,kCJS(m)c,,8
01014E,kCJS(m)k,,8
01014F,kCJS(m)y *10/3,,8
01015,kC}KS,,8
01015A,kC}KS̓o     *06/3,,8
01015B,kC}KS}K,,8
01015C,kC}KSڕʒ,,8
01015D,kC}KSlڕʒ,,8
01016,kCKS,,8
01016A,kCKSK,,8
01017,kCEHS           *58/3,,8
01018,kC͐S,,8
01018A,kC͐SXʑ,,8
01018B,kC͐SD,,8
01018C,kC͐S莺,,8
01019,kC͓S,,8
01019A,kC͓SX,,8
01019B,kC͓Smy,,8
01019C,kC͓Sǒ,,8
01019D,kC͓Smy,,8
0102,kCs,,8
01020,kCˌS,,8
01020A,kCˌSYP,,8
01020B,kCˌSV\Ð쒬,,8
01020C,kCˌS`,,8
01021,kCS,,8
01021A,kCS钬     *06/1,,8
01021B,kCS،Ó,,8
01021C,kCSm,,8
01022,kCS(\),,8
01022A,kCS(\),,8
01022B,kCS(\)V,,8
01023,kCS(),,8
01023A,kCS() *05/8,,8
01023B,kCS()쒬,,8
01023C,kCS(),,8
01023D,kCS()鐲,,8
01023E,kCS(),,8
01023F,kCS()z,,8
01023G,kCS()ʒ,,8
01023H,kCS()쒬,,8
01023I,kCS()l,,8
01023J,kCS()_y,,8
01023K,kCS()쒬,,8
01023L,kCS()A *06/3,,8
01023M,kCS()a,,8
01024,kCTcS,,8
01024A,kCTcS쒬     *06/1,,8
01024B,kCTcSbR    *04/11,,8
01024C,kCTcSˈ䒬    *04/11,,8
01024D,kCTcS̖@ؑ  *04/11,,8
01024E,kCTcSђ,,8
01025,kCS,,8
01025A,kCS     *05/3,,8
01025B,kCS,,8
01025C,kCS슝  *04/11,,8
01025D,kCSX,,8
01026,kCS,,8
01026A,kCSW,,8
01026B,kCSq,,8
01027,kCHS,,8
01027A,kCHSH,,8
01028,kCvS,,8
01028A,kCvS听     *05/8,,8
01028B,kCvSȒ,,8
01029,kCDyS           *96/8,,8
01029A,kCDySL     *96/8,,8
0103,kCMs,,8
01030,kClS,,8
01030A,kClSl,,8
01031,kCS,,8
01031A,kCS,,8
01031B,kCS撬,,8
01031C,kCSʒ     *06/2,,8
01032,kCÓS           *06/3,,8
01032A,kCÓSÓ     *06/3,,8
01033,kCWÌS,,8
01033A,kCWÌSWÒ,,8
01033B,kCWÌSWÒ,,8
01034,kCqS,,8
01034A,kCqSq,,8
01035,kCϒOS,,8
01035A,kCϒOSϒO,,8
01036,kCΗS,,8
01036A,kCΗS,,8
01036B,kCΗS,,8
01036C,kCΗSΗ,,8
01037,kCVS,,8
01037A,kCVSV,,8
01038,kCfS,,8
01038A,kCfSʒ    *05/10,,8
01038B,kCfSf,,8
01039,kCsS,,8
01039A,kCsS,,8
01039B,kCsSs,,8
0104,kCَs,,8
01040,kCIS,,8
01040A,kCIS,,8
01040B,kCISkwR   *05/8,,8
01040C,kCISI     *05/8,,8
01041,kC@JS,,8
01041A,kC@JS,,8
01042,kCmS(m),,8
01042A,kCmS(m)㍻쒬,,8
01042B,kCmS(m)ވ],,8
01042C,kCmS(m)y,,8
01042D,kCmS(m)k *06/3,,8
01042E,kCmS(m)I *06/3,,8
01043,kCmS(),,8
01043A,kCmS()xǖ쒬,,8
01043B,kCmS()xǖ쒬,,8
01043C,kCmS()xǖ쒬,,8
01044,kCΌS          *70/10,,8
01045,kCVS(G),,8
01045A,kCVS(G)ʒ,,8
01045B,kCVS(G)V,,8
01045C,kCVS(G)y *10/3,,8
01046,kCVS(@J),,8
01046A,kCVS(@J)Lx,,8
01046B,kCVS(@J)y,,8
01047,kC\S,,8
01047A,kC\SYy,,8
01048,kCCS,,8
01048A,kCCSPq{,,8
01048B,kCCSu˒,,8
01048C,kCCSCԒ,,8
01048D,kCCS[쒬     *06/3,,8
01048E,kCCSC     *06/3,,8
01048F,kCCSA   *06/3,,8
01049,kCϑOS,,8
01049A,kCϑOSRʑ,,8
01049B,kCϑOSϑO,,8
01049C,kCϑOSHy,,8
0105,kCs,,8
01050,kCS(),,8
01050A,kCS()Ўq{,,8
01050B,kCS()쒬,,8
01050C,kCS()[,,8
01051,kCS(\),,8
01051A,kCS(\)rc,,8
01051B,kCS(\)L,,8
01051C,kCS(\){ʒ,,8
01051D,kCS(\)ʒ,,8
01052,kCVS,,8
01052A,kCVSV,,8
01053,kCuS,,8
01053A,kCuS,,8
01053B,kCuSFΒ     *05/9,,8
01054,kCS           *57/7,,8
01055,kCtS,,8
01055A,kCtSʊC,,8
01056,kCԍS           *59/3,,8
01057,kClvS           *05/9,,8
01057A,kClvSlv     *05/9,,8
01058,kCS           *56/8,,8
01059,kCwRS,,8
01059A,kCwRS],,8
01059B,kCwRS򕔒,,8
01059C,kCwRSm,,8
0106,kCHs,,8
01060,kCLS,,8
01060A,kCLS,,8
01060B,kCLSޑ     *06/2,,8
01060C,kCLSL,,8
01061,kCES           *55/3,,8
01062,kCÉFS,,8
01062A,kCÉFS,,8
01062B,kCÉFS_b,,8
01063,kCÕS,,8
01063A,kCÕSÕ,,8
01064,kCyS,,8
01064A,kCyS,,8
01065,kCyʌS           *70/7,,8
01066,kCьS,,8
01066A,kCьSђ,,8
01067,kCOS,,8
01067A,kCOS,,8
01067B,kCOSO,,8
01068,kCOΌS           *06/3,,8
01068A,kCOΌSOΒ     *06/3,,8
01069,kCڗS,,8
01069A,kCڗSP,,8
0107,kCэLs,,8
01070,kCʌS,,8
01070A,kCʌSꑺ     *05/9,,8
01070B,kCʌSېz   *05/9,,8
01070C,kCʌSc   *05/9,,8
01070D,kCʌSy,,8
01070E,kCʌSY,,8
01070F,kCʌS,,8
01070G,kCʌSNʒ   *09/10,,8
01070H,kCʌS㒬,,8
01070I,kCʌS,,8
01070J,kCʌSNʒ,,8
01071,kCRzS,,8
01071A,kCRzS,,8
01071B,kCRzS_     *05/9,,8
01072,kC[S,,8
01072A,kC[SIR,,8
01072B,kC[S,,8
01072C,kC[SRm,,8
01073,kCES(_U),,8
01073A,kCES(_U)Ǖ *06/3,,8
01073B,kCES(_U)쒬 *06/3,,8
01073C,kCES(_U)^,,8
01073D,kCES(_U) *06/3,,8
01073E,kCES(_U)ʒ *06/3,,8
01073F,kCES(_U),,8
01073G,kCES(_U)ނ풬,,8
01074,kCES(),,8
01074A,kCES()芥,,8
01075,kC]sS,,8
01075A,kC]sSԈ쑺,,8
01075B,kC]sSmؒ,,8
01075C,kC]sS]s,,8
01076,kCKS,,8
01076A,kCKSKxm,,8
01076B,kCKSK,,8
01077,kCGS,,8
01077A,kCGS,,8
01078,kC當S,,8
01078A,kC當S當,,8
01079,kCCS,,8
01079A,kCCS_,,8
0108,kCks,,8
01080,kCS,,8
01080A,kCSVЂ,,8
01081,kCJS(),,8
01081A,kCJS()y,,8
0109,kC[s,,8
0110,kC〈s,,8
0111,kCԑs,,8
0112,kCGs,,8
0113,kCϏqs,,8
0114,kCts,,8
0115,kCSs,,8
0116,kCʎs,,8
0117,kC]ʎs,,8
0118,kCԕs,,8
0119,kCʎs,,8
0120,kCmʎs,,8
0121,kCs,,8
0122,kCO}s,,8
0123,kCs,,8
0124,kCΎs,,8
0125,kCs,,8
0126,kCs,,8
0127,kC̎us,,8
0128,kC[s,,8
0129,kCxǖs,,8
0130,kCoʎs,,8
0131,kCbs,,8
0132,kCTcs          *73/11,,8
0133,kCɒBs,,8
0134,kCkLs,,8
0135,kCΎs,,8
0136,kCkls,,8
02001,XkS,,7
02001A,XkSk     *05/3,,7
02001B,XkS˒,,7
02001C,XkSk,,7
02001D,XkSӒn,,7
02001E,XkSl,,7
02001F,XkSc     *06/2,,7
02001G,XkSVԗё   *05/3,,7
02001H,XkS\acΒ *04/12,,7
02001I,XkSSΒ     *06/2,,7
02001J,XkSZ˒,,7
02001K,XkSZ,,7
02001L,XkS点,,7
02002,XkÌyS,,7
02002A,XkÌySؒ   *05/3,,7
02002B,XkÌySߓc,,7
02002C,XkÌyS   *05/3,,7
02002D,XkÌyS,,7
02002E,XkÌyS   *05/3,,7
02002F,XkÌySsY   *05/3,,7
02002G,XkÌyS,,7
02003,XOˌS,,7
02003A,XOˌSqΑ     *04/6,,7
02003B,XOˌSK㒬,,7
02003C,XOˌSn    *05/12,,7
02003D,XOˌS܌˒,,7
02003E,XOˌSO˒,,7
02003F,XOˌSV,,7
02003G,XOˌScq,,7
02003H,XOˌS쒬    *05/12,,7
02003I,XOˌS싽     *05/3,,7
02003J,XOˌS암,,7
02004,XkS,,7
02004A,XkS唨     *05/3,,7
02004B,XkSԒ,,7
02004C,XkSԉY,,7
02004D,XkS䑺,,7
02004E,XkSe   *05/3,,7
02004F,XkS     *05/3,,7
02004G,XkSʑ,,7
02005,XÌyS,,7
02005A,XÌySn   *06/2,,7
02005B,XÌySډ,,7
02005C,XÌySؒ   *06/2,,7
02006,XÌyS,,7
02006A,XÌyS_   *05/2,,7
02006B,XÌyS     *05/2,,7
02006C,XÌySԗ͑   *05/2,,7
02006D,XÌySXc   *05/2,,7
02006E,XÌyS˃,,7
02006F,XÌyS葺   *05/3,,7
02006G,XÌySؑ   *05/2,,7
02006H,XÌyS[Y,,7
02007,XÌyS,,7
02007A,XÌySIc   *05/3,,7
02007B,XÌySڑ   *05/3,,7
02007C,XÌySOX   *05/3,,7
02007D,XÌySHc,,7
02007E,XÌySʒ,,7
02007F,XÌyS,,7
02007G,XÌySOl,,7
02008,XÌyS,,7
02008A,XÌyS􃖊֑ *05/12,,7
02008B,XÌyScɊّ,,7
02008C,XÌyS㒬  *05/12,,7
02008D,XÌySՑ   *05/3,,7
02008E,XÌySQ   *05/3,,7
02008F,XÌyS蒬,,7
02008G,XÌySk,,7
02008H,XÌyS꒬  *05/12,,7
0201,XXs,,7
0202,XOOs,,7
0203,Xˎs,,7
0204,XΎs,,7
0205,X܏쌴s,,7
0206,X\acs,,7
0207,XOs,,7
0208,Xނs,,7
0209,Xs,,7
0210,Xs,,7
03001,茧_S,,7
03001A,茧_S蒬,,7
03001B,茧_Sߐ쑺     *06/2,,7
03001C,茧_S_     *06/2,,7
03001D,茧_SO     *06/2,,7
03002,茧S,,7
03002A,茧S     *05/8,,7
03002B,茧S蒬,,7
03002C,茧S,,7
03002D,茧SΒ,,7
03002E,茧S    *13/12,,7
03002F,茧SʎR     *06/1,,7
03002G,茧S     *05/8,,7
03002H,茧S㒬     *05/8,,7
03003,茧]hS          *58/11,,7
03004,茧ɌS,,7
03004A,茧ɌSƒ,,7
03004B,茧ɌS{瑺   *05/9,,7
03005,茧ˌS,,7
03005A,茧ˌS쑺    *05/12,,7
03005B,茧ˌSs    *05/12,,7
03005C,茧ˌSc,,7
03005D,茧ˌSyĒ,,7
03005E,茧ˌSˑ,,7
03005F,茧ˌSR`     *06/3,,7
03005G,茧ˌSm쒬,,7
03006,茧CS,,7
03006A,茧CSO    *01/11,,7
03006B,茧CSZc,,7
03007,茧ɌS,,7
03007A,茧ɌSc씨,,7
03007B,茧ɌScV   *05/6,,7
03007C,茧ɌSV   *05/6,,7
03007D,茧ɌS㑺,,7
03007E,茧ɌS,,7
03007F,茧ɌS䑺  *09/12,,7
03007G,茧ɌSRc,,7
03008,茧gS,,7
03008A,茧gSВ,,7
03008B,茧gSg,,7
03008C,茧gSs쑺     *92/3,,7
03009,茧ֈS,,7
03009A,茧ֈS,,7
03009B,茧ֈSԐ   *05/9,,7
0301,茧s,,7
03010,茧ˌS,,7
03010A,茧ˌS@  *05/12,,7
03010B,茧ˌS㒬     *02/3,,7
03010C,茧ˌS˒,,7
03011,茧BьS          *05/12,,7
03011A,茧BьS唗    *05/12,,7
03011B,茧BьSΒJ  *05/12,,7
03012,茧ֈS         *11/9,,7
03012A,茧ֈS葺   *05/9,,7
03012B,茧ֈSR   *05/9,,7
03012C,茧ֈSX   *05/9,,7
03012D,茧ֈS哌   *05/9,,7
03012E,茧ֈS   *11/9,,7
03012F,茧ֈS   *05/9,,7
03013,茧aS,,7
03013A,茧aS]ގq   *91/3,,7
03013B,茧aS    *05/10,,7
03013C,茧aSa    *05/12,,7
03013D,茧aSc    *05/10,,7
03013E,茧aSa꒬     *91/3,,7
03013F,茧aSa꒬,,7
0302,茧Ύs,,7
0303,茧{Îs,,7
0304,茧֎s,,7
0305,茧Dns,,7
0306,茧s           *06/2,,7
0307,茧Ԋs,,7
0308,茧ks,,7
0309,茧vs,,7
0310,茧s,,7
0311,茧Ocs,,7
0312,茧]hs           *06/2,,7
0313,茧ˎs,,7
0314,茧s,,7
0315,茧Bs,,7
0316,茧s,,7
04001,HcYS,,7
04001A,HcYS,,7
04001B,HcYS쒬     *05/3,,7
04001C,HcYSH㒬,,7
04001D,HcYSY     *05/3,,7
04001E,HcYSF     *05/3,,7
04002,HcpS,,7
04002A,HcpS⒬,,7
04003,Hc͕ӌS           *05/1,,7
04003A,Hc͕ӌS͕Ӓ     *05/1,,7
04003B,Hc͕ӌSYa     *05/1,,7
04004,HckHcS,,7
04004A,HckHcS㏬m,,7
04004B,HckHcS쒬   *05/3,,7
04004C,HckHcSm   *05/3,,7
04004D,HckHcS鑃   *05/3,,7
04004E,HckHcSc㒬   *05/6,,7
04004F,HckHcS   *05/6,,7
04004G,HckHcSXg   *05/3,,7
04005,HckS,,7
04005A,HckSc     *05/3,,7
04005B,HckS_     *05/3,,7
04005C,HckSZ    *04/10,,7
04005D,HckSpْ     *05/9,,7
04005E,HckSa     *05/3,,7
04005F,HckSk     *05/3,,7
04005G,HckS쑺    *04/10,,7
04005H,HckS用    *04/10,,7
04005I,HckScΒ   *05/9,,7
04005J,HckS咬     *05/3,,7
04005K,HckSO     *05/3,,7
04005L,HckSؑ     *05/9,,7
04005M,HckSk   *05/3,,7
04005N,HckS,,7
04006,HcS           *05/9,,7
04006A,HcSR     *05/9,,7
04006B,HcSY     *05/9,,7
04006C,HcSX     *05/9,,7
04006D,HcSY쒬   *05/9,,7
04006E,HcS\   *05/9,,7
04006F,HcS     *05/9,,7
04006G,HcSc     *05/9,,7
04007,HcHcS,,7
04007A,HcHcSѓc쒬 *05/3,,7
04007B,HcHcS쒬,,7
04007C,HcHcSa   *05/3,,7
04007D,HcHcSY,,7
04007E,HcHcS劃,,7
04007F,HcHcS܏ڒ,,7
04007G,HcHcSV   *05/3,,7
04007H,HcHcS   *05/3,,7
04008,HcR{S,,7
04008A,HcR{SX     *06/3,,7
04008B,HcR{S     *06/3,,7
04008C,HcR{S,,7
04008D,HcR{Sl     *06/3,,7
04008E,HcR{SR{     *06/3,,7
04008F,HcR{SՋu     *06/3,,7
04008G,HcR{Sc䒬   *06/3,,7
04008H,HcR{SO풬,,7
04008I,HcR{S,,7
04009,HcRS           *05/9,,7
04009A,HcRSY     *05/9,,7
04009B,HcRSڒ     *05/3,,7
04009C,HcRSR   *05/3,,7
04009D,HcRS     *05/3,,7
04009E,HcRSR     *05/3,,7
04009F,HcRS钬     *05/3,,7
04009G,HcRS     *05/3,,7
04009H,HcRSۊ     *05/9,,7
04009I,HcRSC     *05/3,,7
04009J,HcRSmے   *05/9,,7
0401,HcHcs,,7
0402,Hc\s,,7
0403,Hcَs,,7
0404,Hcs,,7
0405,Hc{s           *05/3,,7
0406,Hcjs,,7
0407,Hcs,,7
0408,HcȎs           *05/3,,7
0409,Hcps,,7
0410,HcR{s,,7
0411,Hcs,,7
0412,Hcs,,7
0413,HckHcs,,7
0414,Hcɂَs,,7
0415,Hcks,,7
05001,R`OCS,,7
05001A,R`OCS    *05/10,,7
05001B,R`OCSc    *05/10,,7
05001C,R`OCSR    *05/10,,7
05001D,R`OCSV,,7
05002,R`kRS,,7
05002A,R`kRSΓc,,7
05003,R`uS,,7
05003A,R`uSіL,,7
05003B,R`uS,,7
05003C,R`uS钬,,7
05004,R`cS         *05/9,,7
05004A,R`cSC   *05/9,,7
05005,R`RS,,7
05005A,R`RS͖k,,7
05005B,R`RS,,7
05005C,R`RS],,7
05005D,R`RS쒬,,7
05006,R`uS,,7
05006A,R`uS쐼,,7
05006B,R`uS,,7
05007,R`cS,,7
05007A,R`cS   *05/9,,7
05007B,R`cS   *05/9,,7
05007C,R`cSO쒬,,7
05007D,R`cS   *05/9,,7
05007E,R`cS]ڒ   *05/6,,7
05007F,R`cS쒬   *05/6,,7
05007G,R`cSH   *05/9,,7
05007H,R`cS,,7
05008,R`RS,,7
05008A,R`RSR,,7
05008B,R`RSRӒ,,7
05009,R`uS         *58/3,,7
0501,R`R`s,,7
05010,R`쑺RS         *57/3,,7
05011,R`ŏS,,7
05011A,R`ŏSR,,7
05011B,R`ŏS쑺,,7
05011C,R`ŏS呠,,7
05011D,R`ŏSˑ,,7
05011E,R`ŏSM`,,7
05011F,R`ŏS^쒬,,7
05011G,R`ŏSŏ㒬,,7
0502,R`đs,,7
0503,R`߉s,,7
0504,R`cs,,7
0505,R`Vs,,7
0506,R`͍]s,,7
0507,R`Rs,,7
0508,R`Rs,,7
0509,R`s,,7
0510,R`Vs,,7
0511,R`s,,7
0512,R`ԑs,,7
0513,R`zs,,7
06001,{錧ɋS,,7
06001A,{錧ɋSېX,,7
06002,{錧S,,7
06002A,{錧S쒬,,7
06002B,{錧S     *05/3,,7
06003,{錧cS,,7
06003A,{錧cS,,7
06003B,{錧cSh,,7
06004,{錧S,,7
06004A,{錧Sc   *03/3,,7
06004B,{錧SF,,7
06004C,{錧SVc   *03/3,,7
06004D,{錧S{蒬     *03/3,,7
06004E,{錧S,,7
06005,{錧IS           *05/3,,7
06005A,{錧IS     *05/3,,7
06005B,{錧ISugP   *05/3,,7
06005C,{錧IS     *05/3,,7
06005D,{錧IS   *05/3,,7
06005E,{錧ISꔗ     *05/3,,7
06005F,{錧IS     *05/3,,7
06005G,{錧ISI     *05/3,,7
06005H,{錧ISzْ     *05/3,,7
06005I,{錧ISԎR     *05/3,,7
06005J,{錧IS     *05/3,,7
06006,{錧S,,7
06006A,{錧S勽,,7
06006B,{錧St,,7
06006C,{錧SxJ     *16/10,,7
06006D,{錧Sa,,7
06007,{錧ucS           *06/3,,7
06007A,{錧ucS䒬   *06/3,,7
06007B,{錧ucSO{ؒ   *06/3,,7
06007C,{錧ucSR     *06/3,,7
06008,{錧ēcS,,7
06008A,{錧ēcS͌,,7
06008B,{錧ēcS蒬,,7
06008C,{錧ēcSēc,,7
06008D,{錧ēcSc,,7
06009,{錧ʑS           *06/3,,7
06009A,{錧ʑSoR   *06/3,,7
06009B,{錧ʑSq     *06/3,,7
0601,{錧s,,7
06010,{錧cS,,7
060101,st,,7
060102,s{,,7
060103,sы,,7
060104,s,,7
060105,s,,7
06010A,{錧cSc  *05/12,,7
06010B,{錧cS싽    *05/12,,7
06010C,{錧cScK     *06/3,,7
06010D,{錧cSOJ,,7
06010E,{錧cS,,7
06011,{錧oČS           *05/3,,7
06011A,{錧oČSΉz     *05/3,,7
06011B,{錧oČSL     *05/3,,7
06011C,{錧oČSoĒ     *05/3,,7
06011D,{錧oČS     *05/3,,7
06011E,{錧oČSĎR     *05/3,,7
06011F,{錧oČSa     *05/3,,7
06011G,{錧oČSc     *05/3,,7
06011H,{錧oČS       *05/3,,7
06012,{錧S           *88/2,,7
06012A,{錧SHے     *88/2,,7
06013,{錧{S,,7
06013A,{錧{Sl,,7
06013B,{錧{S,,7
06013C,{錧{S{,,7
06013D,{錧{S{钬    *87/10,,7
06014,{錧{gS,,7
06014A,{錧{gS̒Ò     *05/9,,7
06014B,{錧{gSK     *06/3,,7
06014C,{錧{gSuÐ쒬   *05/9,,7
06014D,{錧{gSÎR     *05/3,,7
06014E,{錧{gS{g     *09/8,,7
06014F,{錧{gSO,,7
06015,{錧S           *05/3,,7
06015A,{錧SY     *05/3,,7
06015B,{錧Sk㒬     *05/3,,7
06015C,{錧S     *05/3,,7
06015D,{錧S͓쒬     *05/3,,7
06015E,{錧S͖k     *05/3,,7
06015F,{錧S     *05/3,,7
06015G,{錧S{     *05/3,,7
06016,{錧jS,,7
06016A,{錧jSj,,7
06016B,{錧jSR,,7
0602,{錧Ίs,,7
0603,{錧}s,,7
0604,{錧Ðs           *06/3,,7
0605,{錧Cs,,7
0606,{錧Ύs,,7
0607,{錧s,,7
0608,{錧pcs,,7
0609,{錧s,,7
0610,{錧s             *88/2,,7
0611,{錧s,,7
0612,{錧oĎs,,7
0613,{錧Is,,7
0614,{錧s,,7
0615,{錧s,,7
0616,{錧xJs,,7
07001,όS           *65/4,,7
07002,BS,,7
07002A,BS{{    *06/12,,7
07002B,BSB    *05/11,,7
07002C,BS㒬    *05/11,,7
07002D,BSʑ,,7
07002E,BS    *06/12,,7
07002F,BSa    *05/11,,7
07003,ΐS,,7
07003A,ΐS쒬,,7
07003B,ΐSΐ쒬,,7
07003C,ΐSʐ쑺,,7
07003D,ΐSc,,7
07003E,ΐSÓa,,7
07004,ΏS           *66/9,,7
07005,␣S,,7
07005A,␣SΒ,,7
07005B,␣S␣     *05/3,,7
07005C,␣SVh,,7
07005D,␣S     *05/3,,7
07006,S,,7
07006A,SVߑ     *05/9,,7
07006B,SÖ{ *05/9,,7
07006C,SÍc *05/9,,7
07006D,SR,,7
07006E,Sa,,7
07006F,SO,,7
07006G,SÔ,,7
07007,͏S,,7
07007A,͏S͓    *05/10,,7
07007B,͏S쑺,,7
07007C,͏SÍ≺,,7
07007D,͏SÒ,,7
07008,kÌS        *04/10,,7
07008A,kÌSkÑ *04/10,,7
07009,MvS           *68/9,,7
0701,s,,7
07010,nS,,7
07010A,nS    *05/12,,7
07010B,nSъڑ,,7
07010C,nS    *05/12,,7
07010D,nSVn,,7
07011,ɒBS,,7
07011A,ɒBSі쒬    *08/6,,7
07011B,ɒBS,,7
07011C,ɒBSKܒ,,7
07011D,ɒBSڒ    *05/12,,7
07011E,ɒBSی    *05/12,,7
07011F,ɒBS쒬    *05/12,,7
07011G,ɒBSR    *05/12,,7
07011H,ɒBS얓,,7
07011I,ɒBSɒB    *05/12,,7
07012,cS,,7
07012A,cSꍪ     *05/2,,7
07012B,cSt     *05/2,,7
07012C,cSsH     *05/2,,7
07012D,cSz     *05/2,,7
07012E,cS쒬,,7
07012F,cSD     *05/2,,7
07012G,cSOt,,7
07013,͌S,,7
07013A,͌S葺,,7
07013B,͌S\  *05/11,,7
07013C,͌SM  *05/11,,7
07013D,͌S,,7
07013E,͌S,,7
07013F,͌S    *05/11,,7
07013G,͌S,,7
07014,S,,7
07014A,SL쑺,,7
07014B,SÓa   *94/3,,7
07014C,SIq,,7
07014D,S,,7
07014E,SՒ,,7
07015,otS,,7
07015A,otSF,,7
07015B,otSx,,7
07015C,otSL쒬,,7
07015D,otSot,,7
07015E,otS,,7
07015F,otS,,7
07015G,otSQ],,7
07015H,otSt,,7
07016,ÌS,,7
07016A,ÌSڊ⑺   *06/3,,7
07016B,ÌS싽   *06/3,,7
07016C,ÌSw},,7
07016D,ÌSɓ쑺   *06/3,,7
07016E,ÌS,,7
07016F,ÌSc   *06/3,,7
07016G,ÌS,,7
07016H,ÌSÒ,,7
07017,떃S,,7
07017A,떃S쒬     *06/1,,7
07017B,떃S֒,,7
07017C,떃SM[ *06/1,,7
07017D,떃Sc㒬,,7
07017E,떃Sk,,7
07017F,떃S     *06/1,,7
07017G,떃SÒ,,7
07017H,떃SRs     *06/1,,7
0702,Îᏼs,,7
0703,SRs,,7
0704,s             *66/9,,7
0705,͎s,,7
0706,s          *05/12,,7
0707,{s,,7
0708,쑽s,,7
0709,֎s           *66/9,,7
0710,֏s           *66/9,,7
0711,ns,,7
0712,s           *66/9,,7
0713,ܗs           *66/9,,7
0714,{s,,7
0715,킫s,,7
0716,ᏼs          *54/12,,7
0717,cs,,7
0718,쑊ns,,7
0719,ɒBs,,7
0720,{{s,,7
08001,VDS,,0
08001A,VDSr쒬     *08/3,,0
08001B,VDSY,,0
08001C,VDS֐쑺,,0
08001D,VDS     *08/3,,0
08001E,VDS_ё     *08/3,,0
08001F,VDSRk     *08/3,,0
08002,VHS,,0
08002A,VHS     *05/4,,0
08002B,VHS     *05/3,,0
08002C,VHSH,,0
08002D,VHSR     *05/4,,0
08003,VkS         *10/3,,0
08003A,VkSL *04/10,,0
08003B,VkSo   *04/10,,0
08003C,VkS呺   *04/10,,0
08003D,VkSxV *04/10,,0
08003E,VkSVJ *04/10,,0
08003F,VkS   *10/3,,0
08003G,VkSL_   *04/10,,0
08004,VkS,,0
08004A,VkS *04/3,,0
08004B,VkS쑺   *05/8,,0
08004C,VkS_   *04/3,,0
08004D,VkS_ *05/4,,0
08004E,VkSc   *04/3,,0
08004F,VkS쑺 *05/4,,0
08004G,VkS   *04/3,,0
08004H,VkSĒ,,0
08004I,VkSLY   *03/7,,0
08004J,VkS   *05/8,,0
08005,VÎuS           *05/3,,0
08005A,VÎuSRÎu   *05/3,,0
08006,VnS           *04/2,,0
08006A,VnSԔ     *04/2,,0
08006B,VnSؒ     *04/2,,0
08006C,VnSV䑺     *04/2,,0
08006D,VnS쒬     *04/2,,0
08006E,VnS䒬     *04/2,,0
08006F,VnSac   *04/2,,0
08006G,VnS쒬     *04/2,,0
08006H,VnSHΒ     *04/2,,0
08006I,VnS^쒬     *04/2,,0
08007,VOS,,0
08007A,VOS^    *05/12,,0
08007B,VOSa    *05/12,,0
08007C,VOSo_蒬,,0
08007D,VOSzH     *05/3,,0
08007E,VOS    *05/12,,0
08007F,VOSO     *05/3,,0
08008,VS,,0
08008A,VS쐼   *05/3,,0
08008B,VSÓ쒬,,0
08008C,VS   *05/3,,0
08009,VS        *05/12,,0
08009A,VSTc   *05/3,,0
08009B,VS{˒ *05/3,,0
08009C,VSz   *05/3,,0
08009D,VS  *05/12,,0
0801,VVs,,0
08010,VS         *05/3,,0
080101,Vsk,,0
080102,Vs,,0
080103,Vs,,0
080104,Vs],,0
080105,VsHt,,0
080106,Vs,,0
080107,Vs,,0
080108,Vs,,0
08010A,VSq  *04/12,,0
08010B,VS劃  *04/12,,0
08010C,VS  *04/12,,0
08010D,VS  *04/12,,0
08010E,VS *05/3,,0
08010F,VS`蒬  *04/12,,0
08010G,VS鑺  *04/12,,0
08010H,VSOa  *04/12,,0
08010I,VS *05/3,,0
08010J,VSg쒬  *04/12,,0
08011,VS,,0
08011A,VS   *05/3,,0
08011B,VS⎺   *05/3,,0
08011C,VS   *05/3,,0
08011D,VS钬  *00/12,,0
08011E,VS   *05/3,,0
08011F,VSV *05/3,,0
08011G,VS쒬   *05/3,,0
08011H,VS   *06/3,,0
08011I,VSF,,0
08011J,VS    *05/10,,0
08011K,VSgc   *06/3,,0
08012,VS         *05/3,,0
08012A,VS  *04/12,,0
08012B,VSC   *05/3,,0
08012C,VS\   *05/3,,0
08013,VS,,0
08013A,VSÐ쒬   *05/3,,0
08013B,VS   *05/3,,0
08013C,VS쑺   *05/3,,0
08013D,VSO쑺   *05/3,,0
08013E,VS꒬,,0
08014,VS         *05/3,,0
08014A,VSY쌴 *04/12,,0
08014B,VSq    *04/12,,0
08014C,VS哇  *04/12,,0
08014D,VS㒬   *05/3,,0
08014E,VSVR *05/3,,0
08014F,VS˒  *04/12,,0
08015,V싛S,,0
08015A,V싛S   *05/9,,0
08015B,V싛SZ  *04/10,,0
08015C,V싛Sa  *04/10,,0
08015D,V싛S,,0
08016,V슗S,,0
08016A,V슗Sh     *05/4,,0
08016B,V슗Sc㒬,,0
08016C,V슗Sc   *05/4,,0
08016D,V슗SV *05/3,,0
0802,Vs,,0
0803,Vcs           *71/4,,0
0804,VOs,,0
0805,Vs,,0
0806,VVcs,,0
0807,VVÎs           *05/3,,0
0808,VJs,,0
0809,VΎs,,0
0810,V\s,,0
0811,Vs,,0
0812,Vs,,0
0813,Vs,,0
0814,V]Îs         *71/4,,0
0815,VȔs          *05/12,,0
0816,Vs,,0
0817,VVs           *05/3,,0
0818,Vܐs,,0
0819,VÎs           *04/2,,0
0820,Vs           *05/3,,0
0821,VLhs           *05/3,,0
0822,Vzs,,0
0823,Vs,,0
0824,Vns,,0
0825,Vs,,0
0826,V싛s,,0
0827,Vs,,0
0828,Vٓs,,0
09001,쌧ɓߌS,,0
09001A,쌧ɓߌS얥֑,,0
09001B,쌧ɓߌS֒,,0
09001C,쌧ɓߌS{c,,0
09001D,쌧ɓߌSѓ,,0
09001E,쌧ɓߌS   *06/3,,0
09001F,쌧ɓߌSC쒬,,0
09001G,쌧ɓߌS쑺,,0
09001H,쌧ɓߌSJ   *06/3,,0
09002,쌧㍂S,,0
09002A,쌧㍂Sz{,,0
09002B,쌧㍂SR,,0
09003,쌧㐅S,,0
09003A,쌧㐅S쑺,,0
09003B,쌧㐅SS *04/12,,0
09003C,쌧㐅SO   *05/9,,0
09003D,쌧㐅SMZ,,0
09003E,쌧㐅SL쒬  *04/12,,0
09003F,쌧㐅S  *09/12,,0
09003G,쌧㐅S瑺   *05/9,,0
09003H,쌧㐅SMBV *09/12,,0
09003I,쌧㐅SˉB  *04/12,,0
09003J,쌧㐅Sэj,,0
09004,쌧ؑ]S,,0
09004A,쌧ؑ]S㏼,,0
09004B,쌧ؑ]Sꑺ,,0
09004C,쌧ؑ]SK,,0
09004D,쌧ؑ]SJc    *05/10,,0
09004E,쌧ؑ]Sؑc,,0
09004F,쌧ؑ]Sؑ] *05/10,,0
09004G,쌧ؑ]S쑺     *05/3,,0
09004H,쌧ؑ]S`    *05/10,,0
09004I,쌧ؑ]SOx    *05/10,,0
09004J,쌧ؑ]Sؑ],,0
09004K,쌧ؑ]SR     *05/2,,0
09004L,쌧ؑ]Sؑ],,0
09005,쌧k܌S,,0
09005A,쌧k܌Src,,0
09005B,쌧k܌S쑺,,0
09005C,쌧k܌S  *05/12,,0
09005D,쌧k܌S⑺  *05/12,,0
09005E,쌧k܌SJ,,0
09005F,쌧k܌Sn,,0
09006,쌧kvS,,0
09006A,쌧kvSȑ   *05/3,,0
09006B,쌧kvSy,,0
09006C,쌧kvSkq *04/3,,0
09006D,쌧kvS]   *05/3,,0
09006E,쌧kvSȒ,,0
09006F,쌧kvSc,,0
09007,쌧XS          *04/12,,0
09007A,쌧XS剪    *04/12,,0
09007B,쌧XSRc   *03/8,,0
09008,쌧ɓߌS,,0
09008A,쌧ɓߌSq,,0
09008B,쌧ɓߌSؑ,,0
09008C,쌧ɓߌS厭,,0
09008D,쌧ɓߌS㑺     *05/9,,0
09008E,쌧ɓߌSC    *84/11,,0
09008F,쌧ɓߌS㋽   *93/6,,0
09008G,쌧ɓߌS,,0
09008H,쌧ɓߌSH *09/3,,0
09008I,쌧ɓߌSؑ,,0
09008J,쌧ɓߌSQ  *05/12,,0
09008K,쌧ɓߌSH,,0
09008L,쌧ɓߌSJ,,0
09008M,쌧ɓߌSו,,0
09008N,쌧ɓߌS쒬,,0
09008O,쌧ɓߌSX,,0
09008P,쌧ɓߌSV,,0
09008Q,쌧ɓߌSLu,,0
09008R,쌧ɓߌS쒬,,0
09008S,쌧ɓߌSMZ *05/9,,0
09009,쌧S,,0
09009A,쌧Sؓ,,0
09009B,쌧S򉷐,,0
09009C,쌧SRm,,0
0901,쌧s,,0
09010,쌧S,,0
09010A,쌧SLc   *05/3,,0
09010B,쌧Sh,,0
09011,쌧zKS,,0
09011A,쌧zKSzK,,0
09011B,쌧zKS,,0
09011C,쌧zKSxm,,0
09012,쌧S,,0
09012A,쌧Sؑ,,0
09012B,쌧SΑ     *06/3,,0
09012C,쌧S咬     *05/9,,0
09012D,쌧Sac     *05/9,,0
09012E,쌧S^c     *06/3,,0
09012F,쌧S     *04/3,,0
09012G,쌧Sێq     *06/3,,0
09012H,쌧Sa,,0
09014,쌧ȌS,,0
09014A,쌧ȌSˑq     *03/8,,0
09014B,쌧ȌS钬,,0
09015,쌧}S,,0
09015A,쌧}SȒ   *05/9,,0
09015B,쌧}S,,0
09015C,쌧}Sё,,0
09015D,쌧}S䑺  *05/10,,0
09015E,쌧}Sk  *05/10,,0
09015F,쌧}Sgc   *10/3,,0
09015G,쌧}S{鑺  *05/10,,0
09015H,쌧}SR`,,0
09015I,쌧}S⑺,,0
09015J,쌧}Slꑺ   *05/3,,0
09015K,쌧}S}k,,0
09016,쌧܌S         *05/9,,0
09016A,쌧܌S쑺   *05/3,,0
09016B,쌧܌Sܑ   *05/3,,0
09016C,쌧܌SLȒ   *05/9,,0
09016D,쌧܌Sސ쑺   *05/3,,0
09016E,쌧܌Sx   *05/9,,0
09016F,쌧܌SO   *05/9,,0
09016G,쌧܌S䍂   *05/9,,0
09017,쌧썲vS,,0
09017A,쌧썲vS㑺,,0
09017B,쌧썲vSkؑ,,0
09017C,쌧썲vSC,,0
09017D,쌧썲vS쑊ؑ,,0
09017E,쌧썲vSq,,0
09017F,쌧썲vS䑺 *05/3,,0
09017G,쌧썲vSPc   *05/3,,0
09017H,쌧썲vSv   *05/3,,0
09017I,쌧썲vSv䒬,,0
0902,쌧{s,,0
0903,쌧cs,,0
0904,쌧Js,,0
0905,쌧ѓcs,,0
0906,쌧zKs,,0
0907,쌧{s,,0
0908,쌧s,,0
0909,쌧ɓߎs,,0
0910,쌧s,,0
0911,쌧s,,0
0912,쌧咬s,,0
0913,쌧юRs,,0
0914,쌧s,,0
0915,쌧Ks,,0
0916,쌧ms        *66/10,,0
0917,쌧Xs           *03/8,,0
0918,쌧vs,,0
0919,쌧Ȏs,,0
0920,쌧s,,0
0921,쌧ܖs,,0
10001,skS        *70/11,,1
10002,sS,,1
10002A,sSܓs *95/8,,1
10002B,sSH  *91/10,,1
10002C,sS̏o,,1
10002D,sSw,,1
10002E,sS䒬,,1
10002F,sS,,1
10003,s쑽S        *71/10,,1
10004,s哇x,,1
10004A,s哇x哇,,1
10004B,s哇x,,1
10004C,s哇xV,,1
10004D,s哇x_Ó,,1
10005,sOx,,1
10005A,sOxO,,1
10005B,sOx䑠,,1
10006,sx,,1
10006A,sx䒬,,1
10006B,sx,,1
10007,s}x,,1
10007A,s}x},,1
1001,sQR           *10/3,,1
100101,sc,,1
100102,s,,1
100103,s`,,1
100104,sVh,,1
100105,s,,1
100106,s䓌,,1
100107,snc,,1
100108,s],,1
100109,si,,1
100110,sڍ,,1
100111,sc,,1
100112,scJ,,1
100113,saJ,,1
100114,s,,1
100115,s,,1
100116,sL,,1
100117,sk,,1
100118,sr,,1
100119,s,,1
100120,sn,,1
100121,s,,1
100122,s,,1
100123,s]ː,,1
1002,sqs,,1
1003,ss,,1
1004,ss,,1
1005,sOs,,1
1006,s~s,,1
1007,s{s,,1
1008,ss,,1
1009,szs,,1
1010,scs,,1
1011,ss,,1
1012,ss,,1
1013,ss,,1
1014,sRs,,1
1015,ss,,1
1016,ss,,1
1017,sےJs           *01/1,,1
1018,scs           *01/1,,1
1019,ss,,1
1020,s]s,,1
1021,sas,,1
1022,ss,,1
1023,svĎs,,1
1024,sRs,,1
1025,ss,,1
1026,ss,,1
1027,sHs           *95/8,,1
1028,sHs,,1
1029,ss,,1
1030,ss,,1
1051,sc,,1
1052,s,,1
1053,s`,,1
1054,sVh,,1
1055,s,,1
1056,s䓌,,1
1057,snc,,1
1058,s],,1
1059,si,,1
1060,sڍ,,1
1061,sc,,1
1062,scJ,,1
1063,saJ,,1
1064,s,,1
1065,s,,1
1066,sL,,1
1067,sk,,1
1068,sr,,1
1069,s,,1
1070,sn,,1
1071,s,,1
1072,s,,1
1073,s]ː,,1
11001,_ސ쌧bS,,1
11001A,_ސ쌧bS쒬,,1
11001B,_ސ쌧bS쑺,,1
11002,_ސ쌧S,,1
11002A,_ސ쌧S䒬,,1
11002B,_ސ쌧SJ,,1
11002C,_ސ쌧S䒬,,1
11002D,_ސ쌧Sc,,1
11002E,_ސ쌧SRk,,1
11003,_ސ쌧S,,1
11003A,_ސ쌧S^ߒ,,1
11003B,_ސ쌧S͌,,1
11003C,_ސ쌧S,,1
11004,_ސ쌧S,,1
11004A,_ސ쌧S쒬,,1
11004B,_ސ쌧S  *78/10,,1
11005,_ސ쌧ËvS       *07/3,,1
11005A,_ސ쌧ËvSR *07/3,,1
11005B,_ސ쌧ËvS͌Β *06/3,,1
11005C,_ސ쌧ËvSËv䒬 *06/3,,1
11005D,_ސ쌧ËvS쒬 *07/3,,1
11006,_ސ쌧S,,1
11006A,_ސ쌧S{,,1
11006B,_ސ쌧S钬,,1
11007,_ސ쌧OYS,,1
11007A,_ސ쌧OYStR,,1
1101,_ސ쌧ls,,1
110101,lsߌ,,1
110102,ls_ސ,,1
110103,ls,,1
110104,ls,,1
110105,ls,,1
110106,lsۓyJ,,1
110107,lsq,,1
110108,ls,,1
110109,ls`k,,1
110110,ls˒ˋ,,1
110111,ls`,,1
110112,ls,,1
110113,ls΋,,1
110114,lsJ,,1
110115,lsh,,1
110116,ls,,1
110117,lst,,1
110118,lss},,1
1102,_ސ쌧{s,,1
1103,_ސ쌧s,,1
110301,s,,1
110302,sK,,1
110303,s,,1
110304,sË,,1
110305,s,,1
110306,s{O,,1
110307,s,,1
1104,_ސ쌧ˎs,,1
1105,_ސ쌧qs,,1
1106,_ސ쌧s,,1
1107,_ސ쌧cs,,1
1108,_ސ쌧s,,1
1109,_ސ쌧qs,,1
1110,_ސ쌧͌s,,1
111001,͌s΋,,1
111002,͌s,,1
111003,͌s,,1
1111,_ސ쌧OYs,,1
1112,_ސ쌧`s,,1
1113,_ސ쌧؎s,,1
1114,_ސ쌧as,,1
1115,_ސ쌧ɐs,,1
1116,_ސ쌧CVs,,1
1117,_ސ쌧Ԏs,,1
1118,_ސ쌧쑫s,,1
1119,_ސ쌧s,,1
12001,t[S,,1
12001A,t[Sl     *06/3,,1
12001B,t[Sq     *06/3,,1
12001C,t[SxY     *06/3,,1
12001D,t[SOF     *06/3,,1
12001E,t[Sac     *06/3,,1
12001F,t[SVÏ *05/2,,1
12001G,t[S쒬,,1
12001H,t[SxR     *06/3,,1
12001I,t[SێR     *06/3,,1
12002,t΋S,,1
12002A,t΋S΋    *05/12,,1
12002B,t΋S匴    *05/12,,1
12002C,t΋Sh,,1
12002D,t΋S命쒬,,1
12002E,t΋S      *05/12,,1
12003,tsS           *67/9,,1
12004,t׌S,,1
12004A,t׌S󐼒     *96/3,,1
12004B,t׌Sב     *10/3,,1
12004C,t׌Sh,,1
12004D,t׌SX䒬,,1
12004E,t׌Sx     *02/4,,1
12004F,t׌S{W     *10/3,,1
12004G,t׌SX     *92/3,,1
12004H,t׌SlX   *81/3,,1
12004I,t׌S䒬     *01/3,,1
12005,tCS           *05/6,,1
12005A,tCSщ     *05/6,,1
12005B,tCSC㒬     *05/6,,1
12006,tS,,1
12006A,tS쒬   *06/3,,1
12006B,tSI     *06/3,,1
12006C,tS_蒬,,1
12006D,tS     *06/3,,1
12006E,tSh     *06/3,,1
12006F,tS,,1
12006G,tS     *05/6,,1
12006H,tSRc     *06/3,,1
12006I,tSÒ,,1
12007,tNÌS           *91/3,,1
12007A,tNÌSY   *91/3,,1
12008,tRS,,1
12008A,tRS\㗢,,1
12008B,tRSR     *06/3,,1
12008C,tRSŎR,,1
12008D,tRS@     *06/3,,1
12008E,tRS     *06/3,,1
12008F,tRSԔ *12/12,,1
12008G,tRS     *06/3,,1
12008H,tRSŒ     *06/3,,1
12008I,tRSŌ,,1
12009,txS           *06/3,,1
12009A,txSh     *06/1,,1
12009B,txS       *06/3,,1
1201,tts,,1
12010,ttS          *66/12,,1
120101,ts,,1
120102,tsԌ,,1
120103,tsы,,1
120104,tst,,1
120105,ts΋,,1
120106,tsl,,1
12011,tS,,1
12011A,tS{,,1
12011B,tSq,,1
12011C,tS,,1
12011D,tS쒬,,1
12011E,tS,,1
12011F,tSr,,1
12012,tS         *05/3,,1
12012A,tSY   *81/3,,1
12012B,tS쒬   *05/3,,1
12012C,tS֏h  *03/06,,1
1202,tqs,,1
1203,tss,,1
1204,tDs,,1
1205,tَRs,,1
1206,t؍XÎs,,1
1207,tˎs,,1
1208,tcs,,1
1209,ts           *06/3,,1
1210,tΌs,,1
1211,tcs,,1
1212,tqs,,1
1213,ts,,1
1214,tss       *06/1,,1
1215,ts,,1
1216,tKus,,1
1217,ts,,1
1218,tYs,,1
1219,tss,,1
1220,tRs,,1
1221,ts,,1
1222,t䑷qs,,1
1223,ts,,1
1224,tNÎs,,1
1225,tJs,,1
1226,txÎs,,1
1227,tYs,,1
1228,tlXs,,1
1229,tYs,,1
1230,tXs,,1
1231,t󐼎s,,1
1232,ts,,1
1233,txs,,1
1234,t[s,,1
1235,txs,,1
1236,ts,,1
1237,tRs,,1
1238,tݎs,,1
1239,tԔs,,1
13001,ʌԌS,,1
13001A,ʌԌS䒬     *05/9,,1
13001B,ʌԌSz,,1
13001C,ʌԌS߃   *91/8,,1
13001D,ʌԌSI    *04/12,,1
13001E,ʌԌS     *91/9,,1
13001F,ʌԌSOF,,1
13001G,ʌԌSјCR,,1
13002,ʌ嗢S,,1
13002A,ʌ嗢S    *05/12,,1
13002B,ʌ嗢S{    *05/12,,1
13002C,ʌ嗢S]쒬     *07/2,,1
13002D,ʌ嗢Sԉ    *05/12,,1
13002E,ʌ嗢Sȏ     *05/9,,1
13002F,ʌ嗢S񋏒,,1
13002G,ʌ嗢S嗢     *05/9,,1
13003,ʌkS,,1
13003A,ʌkSɓޒ,,1
13003B,ʌkS㒬   *05/9,,1
13004,ʌkS,,1
13004A,ʌkSI   *10/3,,1
13004B,ʌkSK蒬   *86/9,,1
13004C,ʌkSa   *05/9,,1
13004D,ʌkS˒,,1
13004E,ʌkS,,1
13004F,ʌkSg쒬   *96/3,,1
13004G,ʌkSh{   *10/3,,1
13005,ʌkʌS         *10/3,,1
13005A,ʌkʌS嗘 *10/3,,1
13005B,ʌkʌS엢   *05/9,,1
13005C,ʌkʌSR   *10/3,,1
13005D,ʌkʌSkӒ *10/3,,1
13005E,ʌkʌS͌ *05/12,,1
13006,ʌʌS,,1
13006A,ʌʌS_    *05/12,,1
13006B,ʌʌS㗢,,1
13006C,ʌʌS,,1
13006D,ʌʌS_쒬,,1
13006E,ʌʌSʒ     *06/1,,1
13007,ʌS,,1
13007A,ʌSꑺ     *05/3,,1
13007B,ʌS쒬,,1
13007C,ʌSҒ,,1
13007D,ʌS,,1
13007E,ʌS,,1
13007F,ʌSgc     *05/3,,1
13007G,ʌS_     *05/9,,1
13007H,ʌSr쑺     *05/3,,1
13007I,ʌSF쒬,,1
13008,ʌS,,1
13008A,ʌS쒬,,1
13008B,ʌS쓇,,1
13008C,ʌSʐ쑺     *06/1,,1
13008D,ʌS쒬,,1
13008E,ʌSR,,1
13008F,ʌSg,,1
13008G,ʌSR,,1
13008H,ʌSs쑺   *06/1,,1
13008I,ʌSƂ풬,,1
13009,ʌʌS,,1
13009A,ʌʌSҊ   *10/3,,1
13009B,ʌʌS   *12/9,,1
13009C,ʌʌS{㒬,,1
1301,ʌYas           *01/4,,1
1302,ʌzs,,1
1303,ʌFJs,,1
1304,ʌs,,1
1305,ʌ{s           *01/4,,1
1306,ʌscs,,1
1307,ʌs,,1
1308,ʌs,,1
1309,ʌє\s,,1
1310,ʌ{s,,1
1311,ʌ{s,,1
1312,ʌRs,,1
1313,ʌΎs           *05/3,,1
1314,ʌts,,1
1315,ʌRs,,1
1316,ʌHs,,1
1317,ʌs,,1
1318,ʌ[Js,,1
1319,ʌs,,1
1320,ʌ^s           *01/4,,1
1321,ʌs,,1
1322,ʌzJs,,1
1323,ʌns,,1
1324,ʌ˓cs,,1
1325,ʌԎs,,1
1326,ʌJs         *11/10,,1
1327,ʌs,,1
1328,ʌu؎s,,1
1329,ʌas,,1
1330,ʌVs,,1
1331,ʌs,,1
1332,ʌvs,,1
1333,ʌk{s,,1
1334,ʌs,,1
1335,ʌ㕟s         *05/9,,1
1336,ʌxms,,1
1337,ʌOs,,1
1338,ʌ@cs,,1
1339,ʌˎs,,1
1340,ʌKs,,1
1341,ʌ߃s,,1
1342,ʌs,,1
1343,ʌgs,,1
1344,ʌ܎s,,1
134401,܎s,,1
134402,܎sk,,1
134403,܎s{,,1
134404,܎s,,1
134405,܎s,,1
134406,܎s,,1
134407,܎sYa,,1
134408,܎s,,1
134409,܎s΋,,1
134410,܎s΋,,1
1345,ʌӂݖs,,1
1346,ʌs,,1
14001,錧~S,,1
14001A,錧~S]ˍ蒬   *05/3,,1
14001B,錧~Ss蒬    *02/10,,1
14001C,錧~S쑺     *05/3,,1
14001D,錧~S       *05/3,,1
14001E,錧~S,,1
14001F,錧~Sv     *86/5,,1
14001G,錧~S͓,,1
14001H,錧~SV   *05/3,,1
14001I,錧~SY,,1
14002,錧S          *05/10,,1
14002A,錧S      *05/10,,1
14002B,錧S쑺     *95/8,,1
14002C,錧S     *95/8,,1
14002D,錧Sgc    *05/10,,1
14002E,錧S_     *05/7,,1
14002F,錧Sm    *05/10,,1
14002G,錧Sg蒬     *05/7,,1
14003,錧knS,,1
14003A,錧knS,,1
14003B,錧knS㒬   *05/3,,1
14003C,錧knSJ   *02/2,,1
14004,錧vS,,1
14004A,錧vS  *04/11,,1
14004B,錧vS    *04/11,,1
14004C,錧vS{    *04/11,,1
14004D,錧vSq,,1
14005,錧S,,1
14005A,錧S܉,,1
14005B,錧S,,1
14005C,錧S     *05/3,,1
14005D,錧SOa     *05/9,,1
14005E,錧Sa     *05/9,,1
14006,錧S          *04/10,,1
14006A,錧S\    *04/10,,1
14007,錧}gS           *06/3,,1
14007A,錧}gSɓޒ     *06/3,,1
14007B,錧}gS䒬    *87/11,,1
14007C,錧}gS}g     *88/1,,1
14007D,錧}gSL    *87/11,,1
14007E,錧}gSJc  *87/11,,1
14007F,錧}gSJa   *06/3,,1
14008,錧߉όS,,1
14008A,錧߉όSC,,1
14008B,錧߉όSZA     *05/1,,1
14008C,錧߉όS{    *04/10,,1
14008D,錧߉όS쑺    *04/10,,1
14008E,錧߉όS߉ϒ     *05/1,,1
14008F,錧߉όSa    *04/10,,1
14008G,錧߉όSR    *04/10,,1
14009,錧sS           *05/9,,1
14009A,錧sS     *01/3,,1
14009B,錧sSx     *01/3,,1
14009C,錧sSkY     *05/9,,1
14009D,錧sS     *05/9,,1
14009E,錧sSʑ     *05/9,,1
1401,錧ˎs,,1
14010,錧VS           *06/3,,1
14010A,錧VSc   *05/3,,1
14010B,錧VSV     *06/2,,1
14010C,錧VS      *87/11,,1
14010D,錧VSʗ     *06/3,,1
14010E,錧VSY   *05/3,,1
14010F,錧VS     *05/9,,1
14011,錧S         *06/3,,1
14011A,錧SԒ   *06/3,,1
14011B,錧SF   *06/3,,1
14011C,錧S   *05/1,,1
14011D,錧S␣   *05/9,,1
14012,錧S,,1
14012A,錧S钬,,1
14012B,錧S   *05/1,,1
14012C,錧S,,1
14012D,錧S쒬   *06/3,,1
14012E,錧Sk   *05/1,,1
14012F,錧S퐟   *92/3,,1
14012G,錧Sj     *05/1,,1
14012H,錧SOR *04/10,,1
14012I,錧S엢 *06/3,,1
14012J,錧S闢,,1
14013,錧^ǌS           *05/9,,1
14013A,錧^ǌS쒬     *05/3,,1
14013B,錧^ǌSa     *05/3,,1
14013C,錧^ǌS^ǒ     *05/9,,1
14013D,錧^ǌSa     *05/9,,1
14013E,錧^ǌS֏钬     *05/3,,1
14014,錧S,,1
14014A,錧SΉ    *05/12,,1
14014B,錧S쑺  *05/12,,1
14014C,錧S㒬,,1
1402,錧s,,1
1403,錧yYs,,1
1404,錧É͎s,,1
1405,錧Ήs,,1
1406,錧َs           *05/3,,1
1407,錧s,,1
1408,錧s,,1
1409,錧߉ϖs        *94/10,,1
1410,錧Ȏs,,1
1411,錧Cs        *05/12,,1
1412,錧헤cs,,1
1413,錧cs          *94/10,,1
1414,錧s,,1
1415,錧ks,,1
1416,錧}Ԏs,,1
1417,錧s,,1
1418,錧s           *05/3,,1
1419,錧vs,,1
1420,錧Ύs,,1
1421,錧ЂȂs,,1
1422,錧s,,1
1423,錧s,,1
1424,錧Js,,1
1425,錧헤{s,,1
1426,錧߉ώs,,1
1427,錧}s,,1
1428,錧Ⓦs,,1
1429,錧~s,,1
1430,錧݂s,,1
1431,錧s,,1
1432,錧_s,,1
1433,錧ss,,1
1434,錧gcs,,1
1435,錧푍s,,1
1436,錧΂݂炢s,,1
1437,錧ʎs,,1
15001,Ȗ،S           *62/9,,1
15002,Ȗ،hS           *05/2,,1
15002A,Ȗ،hS     *05/2,,1
15002B,Ȗ،hSc     *05/2,,1
15003,Ȗ،sS         *11/9,,1
15003A,Ȗ،sS   *06/3,,1
15003B,Ȗ،sS쒬  *05/12,,1
15003C,Ȗ،sS   *11/9,,1
15004,Ȗ،͓S,,1
15004A,Ȗ،͓S͓   *07/3,,1
15004B,Ȗ،͓S͓     *07/3,,1
15004C,Ȗ،͓SO쒬,,1
15004D,Ȗ،͓S͓   *06/1,,1
15005,Ȗ،JS,,1
15005A,Ȗ،JSƒ     *05/3,,1
15005B,Ȗ،JSA쒬   *05/3,,1
15005C,Ȗ،JS,,1
15005D,Ȗ،JSIR     *06/3,,1
15005E,Ȗ،JS     *82/3,,1
15005F,Ȗ،JSJ,,1
15005G,Ȗ،JS     *06/3,,1
15006,Ȗ،sS,,1
15006A,Ȗ،sS΋   *06/1,,1
15006B,Ȗ،sS *06/1,,1
15006C,Ȗ،sSؒ,,1
15006D,Ȗ،sSp,,1
15006E,Ȗ،sSM   *14/4,,1
15006F,Ȗ،sS啽   *10/3,,1
15006G,Ȗ،sSs꒬   *10/3,,1
15006H,Ȗ،sS   *10/3,,1
15007,Ȗ،ߐ{S,,1
15007A,Ȗ،ߐ{S쒬     *05/9,,1
15007B,Ȗ،ߐ{Sߐ{쒬 *04/12,,1
15007C,Ȗ،ߐ{Sߐ{   *05/9,,1
15007D,Ȗ،ߐ{SÏ㑺   *05/9,,1
15007E,Ȗ،ߐ{SGR     *05/9,,1
15007F,Ȗ،ߐ{SH     *05/9,,1
15007G,Ȗ،ߐ{Sߐ{,,1
15007H,Ȗ،ߐ{Sn     *05/9,,1
15007I,Ȗ،ߐ{S    *04/12,,1
15007J,Ȗ،ߐ{S߉ϐ쒬,,1
15008,Ȗ،FS,,1
15008A,Ȗ،FSsL,,1
15008B,Ȗ،FS{     *09/3,,1
15008C,Ȗ،FSF꒬,,1
15008D,Ȗ،FSvq,,1
15008E,Ȗ،FSΖؒ,,1
1501,Ȗ،Fs{s,,1
1502,Ȗ،s,,1
1503,Ȗ،Ȗ؎s,,1
1504,Ȗ،s,,1
1505,Ȗ،s,,1
1506,Ȗ،s,,1
1507,Ȗ،ss           *06/3,,1
1508,Ȗ،Rs,,1
1509,Ȗ،^s,,1
1510,Ȗ،cs,,1
1511,Ȗ،s,,1
1512,Ȗ،s          *04/12,,1
1513,Ȗ،ߐ{s,,1
1514,Ȗ،s,,1
1515,Ȗ،ߐ{GRs,,1
1516,Ȗ،s,,1
16001,QnȌS,,1
16001A,QnȌS       *06/3,,1
16001B,QnȌSÒ,,1
16001C,QnȌSR,,1
16001D,QnȌSȒ     *06/3,,1
16001E,QnȌSZ     *10/3,,1
16001F,QnȌSڗ,,1
16001G,QnȌS쌴,,1
16001H,QnȌSV,,1
16001I,QnȌSȒ,,1
16002,QnOXS           *06/3,,1
16002A,QnOXSc   *06/3,,1
16003,QnWyS,,1
16003A,QnWySq,,1
16003B,QnWySWy,,1
16003C,QnWyS,,1
16003D,QnWySa,,1
16003E,QnWySc,,1
16004,QnÊyS,,1
16004A,QnÊySÊy,,1
16004B,QnÊySmc,,1
16004C,QnÊySq,,1
16004D,QnÊyS`     *06/3,,1
16005,QnkQnS,,1
16005A,QnkQnSɍے *06/2,,1
16005B,QnkQnS㑺 *06/2,,1
16005C,QnkQnSq   *06/2,,1
16005D,QnkQnSg,,1
16005E,QnkQnSY,,1
16006,QnQnS           *06/9,,1
16006A,QnQnSq     *06/1,,1
16006B,QnQnSY     *06/9,,1
16006C,QnQnS     *06/1,,1
16006D,QnQnSQn     *06/1,,1
16007,QngS,,1
16007A,QngSԖx    *04/12,,1
16007B,QngS      *04/12,,1
16007C,QngS      *04/12,,1
16007D,QngSʑ,,1
16008,QnS           *09/5,,1
16008A,QnSԏ鑺     *06/2,,1
16008B,QnSӒ    *04/12,,1
16008C,QnS쑺    *04/12,,1
16008D,QnSkk     *06/2,,1
16008E,QnSۍ   *05/6,,1
16008F,QnSV     *05/6,,1
16008G,QnSxm   *09/5,,1
16008H,QnS{鑺    *04/12,,1
16008I,QnS       *06/3,,1
16009,QnS,,1
16009A,QnSSΒ    *05/12,,1
16009B,QnSV       *06/1,,1
16009C,QnS     *03/3,,1
16009D,QnS꒬     *03/3,,1
16009E,QnSg䒬     *09/5,,1
16009F,QnS쑺,,1
16009G,QnS_,,1
1601,QnOs,,1
16010,QnS,,1
16010A,QnSЕi,,1
16010B,QnSꑺ,,1
16010C,QnSa,,1
16010D,QnS     *05/2,,1
16010E,QnS쒬   *05/9,,1
16010F,QnS     *05/2,,1
16010G,QnSV     *05/9,,1
16010H,QnS㒬     *05/9,,1
16010I,QnS݂Ȃݒ,,1
16011,QnVcS           *06/3,,1
16011A,QnVcS}     *06/3,,1
16011B,QnVcS˖{   *05/3,,1
16011C,QnVcS     *05/3,,1
16011D,QnVcSVc     *05/3,,1
16012,QnRcS           *06/3,,1
16012A,QnRcSԁX   *06/3,,1
1602,Qns,,1
1603,Qnːs,,1
1604,Qnɐs,,1
1605,Qncs,,1
1606,Qncs,,1
1607,Qnٗюs,,1
1608,Qnas,,1
1609,Qns,,1
1610,Qnxs,,1
1611,Qns,,1
1612,Qn݂ǂs,,1
17001,RkS         *06/3,,1
17001A,RkS  *04/10,,1
17001B,RkS *06/3,,1
17001C,RkSB  *04/10,,1
17001D,RkSot   *04/8,,1
17001E,RkS쑺  *04/10,,1
17001F,RkS{ʒ  *04/10,,1
17001G,RkS  *04/10,,1
17001H,RkS⒬  *04/10,,1
17001I,RkS쑺  *04/10,,1
17002,RksS,,1
17002A,RksS,,1
17002B,RksSOgR,,1
17002C,RksS쌴 *05/2,,1
17003,RS,,1
17003A,RS   *03/3,,1
17003B,RS`   *03/3,,1
17003C,RSb   *03/3,,1
17003D,RSa,,1
17003E,RS   *03/3,,1
17003F,RScx   *06/2,,1
17003G,RSʕ䒬   *06/2,,1
17003H,RSc   *03/3,,1
17003I,RS   *04/8,,1
17003J,RSᑐ   *03/3,,1
17003K,RS~   *04/8,,1
17004,RS,,1
17004A,RSF *06/2,,1
17004B,RSZ   *05/9,,1
17004C,RSs咬 *05/9,,1
17004D,RS   *04/9,,1
17004E,RSO쒬   *05/9,,1
17004F,RSsO,,1
17005,RS         *06/7,,1
17005A,RS쑺   *06/7,,1
17005B,RSΘa  *04/10,,1
17005C,RS{  *04/10,,1
17005D,RS쑺  *04/10,,1
17005E,RSLx   *06/2,,1
17005F,RS   *06/2,,1
17005G,RS⒬  *04/10,,1
17005H,RS㒬  *04/10,,1
17006,RRS        *05/10,,1
17006A,RRSt*04/10,,1
17006B,RRS  *05/10,,1
17006C,RRSqu   *05/3,,1
17006D,RRSOx   *05/3,,1
17006E,RRSa  *05/10,,1
17007,R싐S,,1
17007A,R싐Sx   *03/2,,1
17007B,R싐S䒬   *10/3,,1
17007C,R싐S   *10/3,,1
17007D,R싐Sx   *04/9,,1
17007E,R싐S암,,1
17007F,R싐S쒬,,1
17007G,R싐Sg,,1
17007H,R싐Sxm쒬,,1
17008,RsS,,1
17008A,RsSHR   *05/2,,1
17008B,RsSac*03/11,,1
17008C,RsSE쑺,,1
17008D,RsSR  *03/11,,1
17008E,RsS͌Β*03/11,,1
17008F,RsSu,,1
17008G,RsS,,1
17008H,RsSj,,1
17008I,RsSRΑ,,1
17008J,RsSxm͌Β,,1
1701,Rb{s,,1
1702,Rxmgcs,,1
1703,RRs          *05/10,,1
1704,Rss,,1
1705,RRs,,1
1706,R匎s,,1
1707,RBs,,1
1708,RAvXs,,1
1709,Rkms,,1
1710,Rbs,,1
1711,RJs,,1
1712,R쌴s,,1
1713,RbBs,,1
1714,Rs,,1
18001,É{S          *68/12,,2
18002,ÉS           *05/6,,2
18002A,ÉS׍]     *05/6,,2
18002B,ÉSO   *05/6,,2
18002C,ÉS     *05/6,,2
18003,ÉS          *08/10,,2
18003A,ÉS     *06/3,,2
18003B,ÉSxm쒬  *08/10,,2
18003C,ÉSR䒬    *08/10,,2
18004,É֓cS           *05/6,,2
18004A,É֓cSH     *05/3,,2
18004B,É֓cSR     *05/6,,2
18004C,É֓cSL     *05/3,,2
18004D,É֓cSLc     *05/3,,2
18004E,É֓cSc     *05/3,,2
18004F,É֓cSE     *05/6,,2
18004G,É֓cSm     *05/3,,2
18004H,É֓cSvԒ   *05/6,,2
18005,É}S           *05/3,,2
18005A,É}S{꒬   *05/3,,2
18005B,É}S}     *05/1,,2
18005C,É}Se쒬     *05/1,,2
18005D,É}Sl     *04/3,,2
18005E,É}S哌     *05/3,,2
18006,ÉΌS,,2
18006A,ÉΌSΑ     *05/3,,2
18006B,ÉΌSɓ,,2
18006C,ÉΌS蒬,,2
18006D,ÉΌS͒Ò,,2
18006E,ÉΌSɓ,,2
18006F,ÉΌSɓ,,2
18007,ÉuS          *08/12,,2
18007A,ÉuS쒬  *08/10,,2
18007B,ÉuS    *08/12,,2
18008,ÉqS,,2
18008A,ÉqSt쒬     *05/6,,2
18008B,ÉqSX,,2
18009,ÉxS,,2
18009A,ÉxS,,2
18009B,ÉxS,,2
18009C,ÉxSR,,2
1801,ÉÉs,,2
18010,ÉcS,,2
180101,És,,2
180102,Ésx͋,,2
180103,És,,2
18010A,ÉcSm     *05/3,,2
18010B,ÉcSCP   *04/3,,2
18010C,ÉcSy쒬     *04/3,,2
18010D,ÉcSɓ   *04/3,,2
18010E,ÉcSBR     *05/3,,2
18010F,ÉcS˓c     *05/3,,2
18010G,ÉcSV铒*04/3,,2
18010H,ÉcSɓ *05/3,,2
18010I,ÉcS쒬,,2
18011,ÉYS,,2
18011A,ÉYSO蒬   *04/3,,2
18011B,ÉYSJ     *05/5,,2
18011C,ÉYSǒ    *05/10,,2
18011D,ÉYS썪   *05/9,,2
18011E,ÉYSY    *05/10,,2
18011F,ÉYSgc,,2
18011G,ÉYS썪     *08/3,,2
18011H,ÉYS{썪   *05/9,,2
18011I,ÉYS썪{,,2
18012,ÉlS           *10/3,,2
18012A,ÉlSV     *10/3,,2
18012B,ÉlS     *91/4,,2
18012C,ÉlS㒬     *05/6,,2
18012D,ÉlSY     *05/6,,2
18013,ÉxmS           *10/3,,2
18013A,ÉxmSŐ쒬     *10/3,,2
1802,Éls,,2
180201,ls,,2
180202,ls,,2
180203,ls,,2
180204,ls,,2
180205,lsk,,2
180206,lslk,,2
180207,lsV,,2
1803,ÉÎs,,2
1804,És           *03/3,,2
1805,ÉMCs,,2
1806,ÉOs,,2
1807,Éxm{s,,2
1808,Éɓs,,2
1809,Écs,,2
1810,Égs          *66/10,,2
1811,É֓cs,,2
1812,ÉĒÎs,,2
1813,Éxms,,2
1814,É|s,,2
1815,É}s,,2
1816,Éas,,2
1817,É܈s,,2
1818,ÉVs           *05/6,,2
1819,Élks           *05/6,,2
1820,Écs,,2
1821,És,,2
1822,Éΐs,,2
1823,Éɓs,,2
1824,ÉOs,,2
1825,Ées,,2
1826,Éɓ̍s,,2
1827,ÉqVs,,2
19001,򕌌S,,2
19001A,򕌌S,,2
19001B,򕌌Sn     *06/3,,2
19001C,򕌌S_˒,,2
19001D,򕌌S֔V,,2
19002,򕌌tS           *63/3,,2
19003,򕌌KS,,2
19003A,򕌌KSrc,,2
19003B,򕌌KSK쒬,,2
19003C,򕌌KS쒬,,2
19003D,򕌌KSt     *05/1,,2
19003E,򕌌KSv     *05/1,,2
19003F,򕌌KS     *05/1,,2
19003G,򕌌KSJ     *05/1,,2
19003H,򕌌KSR     *87/3,,2
19003I,򕌌KS     *05/1,,2
19004,򕌌bߌS           *05/2,,2
19004A,򕌌bߌSq    *04/10,,2
19004B,򕌌bߌS⑺    *04/10,,2
19004C,򕌌bߌS쒬  *04/10,,2
19004D,򕌌bߌS㑺     *05/2,,2
19004E,򕌌bߌS    *04/10,,2
19004F,򕌌bߌS≺     *05/2,,2
19004G,򕌌bߌStm     *05/2,,2
19004H,򕌌bߌSg쑺     *05/2,,2
19004I,򕌌bߌS     *05/2,,2
19004J,򕌌bߌSR    *04/10,,2
19004K,򕌌bߌSqꑺ   *05/2,,2
19005,򕌌S,,2
19005A,򕌌S     *05/1,,2
19005B,򕌌SvX쒬   *05/1,,2
19005C,򕌌S쑺     *05/1,,2
19005D,򕌌S     *05/1,,2
19005E,򕌌S{       *05/1,,2
19005F,򕌌S     *05/1,,2
19005G,򕌌S쑺,,2
19005H,򕌌SO쑺   *05/1,,2
19006,򕌌CÌS           *05/3,,2
19006A,򕌌CÌSCÒ     *05/3,,2
19006B,򕌌CÌSc     *05/3,,2
19006C,򕌌CÌSZ     *05/3,,2
19007,򕌌S,,2
19007A,򕌌S     *82/3,,2
19007B,򕌌SR     *05/4,,2
19007C,򕌌S䐓,,2
19008,򕌌ΌS,,2
19008A,򕌌ΌSӒ,,2
19008B,򕌌ΌSj,,2
19008C,򕌌ΌSx,,2
19008D,򕌌ΌS쑺,,2
19008E,򕌌ΌS쒬,,2
19008F,򕌌ΌS@,,2
19008G,򕌌ΌSSÒ,,2
19009,򕌌SS           *04/2,,2
19009A,򕌌SSh     *04/2,,2
19009B,򕌌SS     *04/2,,2
19009C,򕌌SS     *04/2,,2
19009D,򕌌SSa     *04/2,,2
19009E,򕌌SSaǑ     *04/2,,2
19009F,򕌌SS     *04/2,,2
19009G,򕌌SS     *04/2,,2
1901,򕌌򕌎s,,2
19010,򕌌yS           *06/1,,2
19010A,򕌌yS}     *06/1,,2
19011,򕌌HS,,2
19011A,򕌌HS},,2
19011B,򕌌HS쓇    *04/10,,2
19011C,򕌌HS쒬,,2
19011D,򕌌HSÒ    *05/12,,2
19012,򕌌sjS,,2
19012A,򕌌sjSփP,,2
19012B,򕌌sjS䒬,,2
19013,򕌌vcS           *04/2,,2
19013A,򕌌vcS⒬     *04/2,,2
19013B,򕌌vcS     *04/2,,2
19013C,򕌌vcSn     *04/2,,2
19013D,򕌌vcSR     *04/2,,2
19013E,򕌌vcSC     *04/2,,2
19014,򕌌VS           *05/2,,2
19014A,򕌌VS摺     *05/2,,2
19014B,򕌌VSVۑ   *05/2,,2
19014C,򕌌VSˑ     *05/2,,2
19014D,򕌌VSV     *05/2,,2
19014E,򕌌VS|쒬   *05/2,,2
19015,򕌌{S,,2
19015A,򕌌{Sk,,2
19015B,򕌌{S^     *04/1,,2
19015C,򕌌{S쒬     *03/4,,2
19015D,򕌌{Sϒ     *03/4,,2
19015E,򕌌{Sђ     *04/1,,2
19015F,򕌌{S     *04/1,,2
19015G,򕌌{S{     *04/1,,2
19016,򕌌RS           *03/3,,2
19016A,򕌌RSɎǑ   *03/3,,2
19016B,򕌌RSx     *03/3,,2
19016C,򕌌RSR     *03/3,,2
19017,򕌌{VS,,2
19017A,򕌌{VSΒÒ   *06/3,,2
19017B,򕌌{VS{V,,2
19018,򕌌gS           *05/1,,2
19018A,򕌌gS͍     *04/1,,2
19018B,򕌌gS{     *05/1,,2
19018C,򕌌gSÐ쒬     *04/1,,2
19018D,򕌌gS_     *04/1,,2
19018E,򕌌gS     *05/1,,2
19018F,򕌌gS{쑺     *04/1,,2
1902,򕌌_s,,2
1903,򕌌Rs,,2
1904,򕌌s,,2
1905,򕌌֎s,,2
1906,򕌌Ðs,,2
1907,򕌌Zs,,2
1908,򕌌Qs,,2
1909,򕌌Hs,,2
1910,򕌌bߎs,,2
1911,򕌌ZΎs,,2
1912,򕌌ys,,2
1913,򕌌es,,2
1914,򕌌s,,2
1915,򕌌Rs,,2
1916,򕌌s,,2
1917,򕌌ˎs,,2
1918,򕌌{s,,2
1919,򕌌Ss,,2
1920,򕌌Cs,,2
1921,򕌌CÎs,,2
20001,mmS,,2
20001A,mmS,,2
20001B,mmSv蒬   *12/1,,2
20001C,mmSi     *94/9,,2
20002,mS           *05/9,,2
20002A,mSԉH   *03/8,,2
20002B,mS     *05/9,,2
20002C,mSc     *03/8,,2
20003,mCS,,2
20003A,mCS厡,,2
20003B,mCSI],,2
20003C,mCSD     *05/3,,2
20003D,mCS     *05/3,,2
20003E,mCS     *10/3,,2
20003F,mCSrڎ   *10/3,,2
20003G,mCS\lR   *06/3,,2
20003H,mCSc     *05/3,,2
20003I,mCS򓇑,,2
20003J,mCSJ     *05/3,,2
20003K,mCSa     *10/3,,2
20003L,mCSx     *06/3,,2
20004,mk݊yS,,2
20004A,mk݊yS   *03/9,,2
20004B,mk݊ySË   *05/9,,2
20004C,mk݊ySxR  *05/11,,2
20004D,mk݊ySL,,2
20004E,mk݊yS݊y,,2
20004F,mk݊ySh,,2
20005,mmS,,2
20005A,mmSv䒬,,2
20005B,mmSL,,2
20005C,mmSY,,2
20005D,mmSm,,2
20005E,mmSl,,2
20006,mS           *05/3,,2
20006A,mSc]   *05/3,,2
20006B,mSa     *05/3,,2
20007,mtS,,2
20007A,mtSF *05/7,,2
20007B,mtSt *06/3,,2
20007C,mtSV쒬 *05/7,,2
20007D,mtSLR,,2
20007E,mtSt *06/3,,2
20007F,mtSf*05/7,,2
20007G,mtSt *09/9,,2
20008,mΌS         *10/1,,2
20008A,mΌS   *05/3,,2
20008B,mΌS   *05/3,,2
20008C,mΌSOD   *10/1,,2
20009,mOHS,,2
20009A,mOHS,,2
20009B,mOHS}K,,2
2001,mÉs,,2
20010,mzcS,,2
200101,És,,2
200102,És,,2
200103,Ésk,,2
200104,És,,2
200105,És,,2
200106,És,,2
200107,Ésa,,2
200108,És,,2
200109,ÉsMc,,2
20010A,mzcSKc,,2
20010B,mzcSzc    *05/12,,2
20011,mtIS           *05/3,,2
200110,És,,2
200111,És`,,2
200112,És,,2
200113,ÉsR,,2
200114,És΋,,2
200115,És,,2
200116,ÉsV,,2
20011A,mtISؑ]쒬   *05/3,,2
20012,mS           *11/3,,2
20012A,mSF     *11/3,,2
20012B,mS     *11/3,,2
20012C,mSgǒ     *11/3,,2
20013,mtS      *70/11,,2
20014,mΌS         *05/3,,2
20014A,mΌSR   *05/3,,2
20014B,mΌS     *05/3,,2
20014C,mΌS   *05/3,,2
20014D,mΌS   *05/3,,2
20015,mɊCS          *70/11,,2
20016,mьS           *10/1,,2
20016A,mьS{     *06/1,,2
20016B,mьSH     *08/1,,2
20016C,mьS䒬   *10/1,,2
20016D,mьSÒ     *08/1,,2
20017,m݊yS         *05/9,,2
20017A,m݊yS葺   *05/9,,2
20017B,m݊ySP   *05/9,,2
20018,mS           *56/9,,2
2002,mLs,,2
2003,ms,,2
2004,m{s,,2
2005,mˎs,,2
2006,mcs,,2
2007,mts,,2
2008,mLs,,2
2009,mÓs,,2
2010,mɓs,,2
2011,mJs,,2
2012,mLcs,,2
2013,ms,,2
2014,ms,,2
2015,mSs,,2
2016,mRs,,2
2017,m튊s,,2
2018,mRs           *63/2,,2
2019,m]s,,2
2020,ms           *05/3,,2
2021,mqs,,2
2022,ms,,2
2023,mVs,,2
2024,mCs,,2
2025,m{s,,2
2026,mms,,2
2027,mls,,2
2028,mms,,2
2029,ms,,2
2030,mqs,,2
2031,mLs,,2
2032,mis,,2
2033,mcs,,2
2034,ms,,2
2035,m{s,,2
2036,mkÉs,,2
2037,mxs,,2
2038,m݂悵s,,2
2039,m܎s,,2
2040,mvs,,2
21001,Od|S          *05/12,,2
21001A,Od|SZ    *05/12,,2
21001B,Od|S͌|    *05/12,,2
21001C,Od|S|Z    *05/12,,2
21001D,Od|S    *05/12,,2
21002,OdZS           *56/9,,2
21003,OdRS          *04/10,,2
21003A,OdRS  *04/10,,2
21003B,OdRSR    *04/10,,2
21003C,OdRSɉ꒬    *04/10,,2
21003D,OdRSRc  *04/10,,2
21004,OdѓS          *04/12,,2
21004A,OdѓSэ    *04/12,,2
21004B,OdѓSѓ쒬    *04/12,,2
21005,OduS          *05/12,,2
21005A,OduSu    *05/12,,2
21005B,OduSǏF  *05/12,,2
21005C,OduS쒬    *04/12,,2
21005D,OduSR    *05/12,,2
21005E,OduSO_    *04/12,,2
21005F,OduS    *05/12,,2
21006,OdٌS,,2
21006A,OdٌSْ    *03/11,,2
21006B,OdٌS,,2
21006C,OdٌS    *03/11,,2
21006D,OdٌSk    *03/11,,2
21006E,OdٌS    *03/11,,2
21007,Od͌|S           *56/9,,2
21008,OdkKS,,2
21008A,OdkKSIɒ*05/10,,2
21008B,OdkKSCR  *05/10,,2
21008C,OdkKSIk,,2
21009,OdKS,,2
21009A,OdKSؑ],,2
21009B,OdKSx    *04/12,,2
21009C,OdKS    *04/12,,2
2101,OdÎs,,2
21010,OduS           *04/9,,2
21010A,OduS     *04/9,,2
21010B,OduSu     *04/9,,2
21010C,OduS剤     *04/9,,2
21010D,OduSl     *04/9,,2
21010E,OduS镔     *04/9,,2
21011,Od鎭S           *05/1,,2
21011A,Od鎭S֒       *05/1,,2
21012,OdCS,,2
21012A,OdCSa    *05/12,,2
21012B,OdCSC,,2
21012C,OdCS䒬,,2
21012D,OdCS{쑺     *06/1,,2
21012E,OdCSa,,2
21013,OdS          *04/10,,2
21013A,OdSR    *04/10,,2
21014,OdOdS,,2
21014A,OdOdS,,2
21014B,OdOdSz,,2
21014C,OdOdS풬       *05/2,,2
21014D,OdOdSԖ쒬,,2
21015,Od어KS,,2
21015A,Od어KSLa   *06/1,,2
21015B,Od어KSI,,2
21015C,Od어KSIa  *05/10,,2
21015D,Od어KSl,,2
21016,OdxS,,2
21016A,OdxSR   *05/2,,2
21016B,OdxS    *05/10,,2
21016C,OdxSʏ钬,,2
21016D,OdxS񌩒    *05/10,,2
21016E,OdxS{     *05/2,,2
21016F,OdxSI     *05/2,,2
21016G,OdxS쐨     *05/9,,2
21016H,OdxS쓇     *05/9,,2
21016I,OdxS䉒    *05/10,,2
21016J,OdxSx,,2
21016K,OdxSI,,2
21016L,OdxSɐ,,2
2102,Odlss,,2
2103,Odɐs,,2
2104,Ods,,2
2105,OdKs,,2
2106,Ods          *04/10,,2
2107,Od鎭s,,2
2108,Ods,,2
2109,Odhs,,2
2110,OdTRs,,2
2111,OdHs,,2
2112,OdFs,,2
2113,Odvs          *05/12,,2
2114,OdFRcs      *54/12,,2
2115,OdȂ׎s,,2
2116,Odus,,2
2117,Odɉs,,2
22001,s{VcS          *05/12,,3
22001A,s{VcSOa    *05/12,,3
22001B,s{VcSv쒬  *05/12,,3
22002,s{S           *56/9,,3
22003,s{PS,,3
22003A,s{PSR蒬,,3
22004,s{S          *05/12,,3
22004A,s{S]    *05/12,,3
22005,s{kKcS        *05/12,,3
22005A,s{kKcSk   *05/3,,3
22005B,s{kKcSR  *05/12,,3
22006,s{vS,,3
22006A,s{vSvR,,3
22007,s{FS           *04/3,,3
22007A,s{FSvl   *04/3,,3
22008,s{yS,,3
22008A,s{yS}u,,3
22008B,s{ySΒ     *07/3,,3
22008C,s{ySؒÒ     *07/3,,3
22008D,s{ySؒ,,3
22008E,s{ySR鑺,,3
22008F,s{ySR钬     *07/3,,3
22008G,s{ySa,,3
22009,s{|S           *04/3,,3
22009A,s{|SԖ쒬     *04/3,,3
22009B,s{|SO㒬     *04/3,,3
22009C,s{|Sh     *04/3,,3
2201,s{ss,,3
22010,s{ԊS,,3
220101,ssk,,3
220102,ss㋞,,3
220103,ss,,3
220104,ss,,3
220105,ssR,,3
220106,ss,,3
220107,ss,,3
220108,ssE,,3
220109,ss,,3
22010A,s{ԊS蒬,,3
22010B,s{ԊSFc,,3
22010C,s{ԊScӒ     *97/3,,3
22011,s{S             *04/3,,3
220110,ssRȋ,,3
220111,ss,,3
22011A,s{S{       *04/3,,3
22011B,s{SR       *04/3,,3
22012,s{DS,,3
22012A,s{DSg    *05/12,,3
22012B,s{DSam    *05/10,,3
22012C,s{DS    *05/12,,3
22012D,s{DSOg    *05/10,,3
22012E,s{DS䒬    *05/10,,3
22012F,s{DSؒ    *05/12,,3
22012G,s{DSOg,,3
22013,s{KcS         *59/9,,3
22014,s{^ӌS,,3
22014A,s{^ӌS꒬     *06/2,,3
22014B,s{^ӌSx     *06/2,,3
22014C,s{^ӌSc쒬   *06/2,,3
22014D,s{^ӌSɍ,,3
22014E,s{^ӌS^Ӗ쒬,,3
2202,s{mRs,,3
2203,s{ߎs,,3
2204,s{s,,3
2205,s{Fs,,3
2206,s{{Îs,,3
2207,s{Ts,,3
2208,s{zs,,3
2209,s{s,,3
2210,s{s,,3
2211,s{s,,3
2212,s{cӎs,,3
2213,s{Os,,3
2214,s{Os,,3
2215,s{ؒÐs,,3
23001,ꌧɍS          *09/12,,3
23001A,ꌧɍS    *09/12,,3
23001B,ꌧɍS䒬  *09/12,,3
23001C,ꌧɍSؔV{  *09/12,,3
23001D,ꌧɍS]    *09/12,,3
23002,ꌧS,,3
23002A,ꌧSbǒ,,3
23002B,ꌧSL,,3
23002C,ꌧS꒬,,3
23003,ꌧmS,,3
23003A,ꌧmS     *05/2,,3
23003B,ꌧmSm쒬   *06/2,,3
23003C,ꌧmSΓ     *05/2,,3
23003D,ꌧmS`     *06/2,,3
23003E,ꌧmS,,3
23004,ꌧS,,3
23004A,ꌧSy     *10/3,,3
23004B,ꌧS    *05/12,,3
23004C,ꌧS쒬,,3
23004D,ꌧS,,3
23005,ꌧ_S          *05/12,,3
23005A,ꌧ_Si   *05/2,,3
23005B,ꌧ_S܌   *05/2,,3
23005C,ꌧ_S\o쒬  *05/12,,3
23006,ꌧIS           *01/9,,3
23006A,ꌧISI     *01/9,,3
23007,ꌧbS           *04/9,,3
23007A,ꌧbSΕ     *04/9,,3
23007B,ꌧbSb꒬     *04/9,,3
23007C,ꌧbSb     *04/9,,3
23007D,ꌧbSb쒬     *04/9,,3
23007E,ꌧbSyR     *04/9,,3
23007F,ꌧbSMy     *04/9,,3
23007G,ꌧbS     *04/9,,3
23008,ꌧcS           *05/9,,3
23008A,ꌧcSߍ]     *05/9,,3
23008B,ꌧcSɐ     *05/2,,3
23008C,ꌧcSR     *05/2,,3
23008D,ꌧcSČ     *05/2,,3
23009,ꌧS           *06/3,,3
23009A,ꌧSu꒬     *06/3,,3
2301,ꌧÎs,,3
23010,ꌧS          *04/12,,3
23010A,ꌧSؑ    *04/12,,3
23010B,ꌧS    *04/12,,3
23010C,ꌧS}Lm  *04/12,,3
23010D,ꌧSܐ쒬  *04/12,,3
23010E,ꌧSÒ    *04/12,,3
23010F,ꌧSV    *04/12,,3
23011,ꌧS        *09/12,,3
23011A,ꌧSΖk  *09/12,,3
23011B,ꌧSՕP  *09/12,,3
23011C,ꌧSт풬   *06/2,,3
23011D,ꌧS䒬   *06/2,,3
23012,ꌧFS           *04/9,,3
23012A,ꌧFSF     *04/9,,3
23012B,ꌧFS咬     *04/9,,3
2302,ꌧFs,,3
2303,ꌧls,,3
2304,ꌧߍ]s,,3
2305,ꌧss         *05/2,,3
2306,ꌧÎs,,3
2307,ꌧRs,,3
2308,ꌧIs,,3
2309,ꌧbs,,3
2310,ꌧFs,,3
2311,ꌧΓs,,3
2312,ꌧs,,3
2313,ꌧߍ]s,,3
2314,ꌧČs,,3
24001,ޗǌS,,3
24001A,ޗǌSg,,3
24001B,ޗǌS,,3
24001C,ޗǌSO,,3
24001D,ޗǌSQ,,3
24002,ޗǌFɌS,,3
24002A,ޗǌFɌSpc쒬  *05/12,,3
24002B,ޗǌFɌSFɒ  *05/12,,3
24002C,ޗǌFɌS],,3
24002D,ޗǌFɌS,,3
24002E,ޗǌFɌSY    *05/12,,3
24002F,ޗǌFɌS    *05/12,,3
24003,ޗǌFqS          *58/12,,3
24004,ޗǌkS,,3
24004A,ޗǌkS,,3
24004B,ޗǌkSŒ   *91/9,,3
24004C,ޗǌkSq,,3
24004D,ޗǌkS͍,,3
24004E,ޗǌkSV   *04/9,,3
24004F,ޗǌkSL˒,,3
24004G,ޗǌkSc   *04/9,,3
24005,ޗǌS,,3
24005A,ޗǌS쐼,,3
24005B,ޗǌSc{,,3
24005C,ޗǌSO,,3
24006,ޗǌYS           *05/3,,3
24006A,ޗǌYS   *05/3,,3
24007,ޗǌsS,,3
24007A,ޗǌsS,,3
24007B,ޗǌsS撬,,3
24008,ޗǌ슋S         *58/3,,3
24009,ޗǌRӌS,,3
24009A,ޗǌRӌSsV     *05/3,,3
24009B,ޗǌRӌSRY,,3
2401,ޗǌޗǎs,,3
24010,ޗǌgS,,3
24010A,ޗǌgSkR,,3
24010B,ޗǌgSꑺ,,3
24010C,ޗǌgSkR,,3
24010D,ޗǌgS哃     *05/9,,3
24010E,ޗǌgS嗄,,3
24010F,ޗǌgS㑺,,3
24010G,ޗǌgSs,,3
24010H,ޗǌgSV쑺,,3
24010I,ޗǌgS\Ð쑺,,3
24010J,ޗǌgSg쑺   *05/9,,3
24010K,ޗǌgS씗쑺,,3
24010L,ޗǌgSg쑺,,3
24010M,ޗǌgSg쒬,,3
2402,ޗǌacs,,3
2403,ޗǌaSRs,,3
2404,ޗǌVs,,3
2405,ޗǌs,,3
2406,ޗǌs,,3
2407,ޗǌܞs,,3
2408,ޗǌ䏊s,,3
2409,ޗǌs,,3
2410,ޗǌŎs,,3
2411,ޗǌs,,3
2412,ޗǌFɎs,,3
25001,{k͓S        *71/11,,3
25002,{S,,3
25002A,{SF撬,,3
25002B,{ScK,,3
25002C,{S쒬     *91/9,,3
25002D,{S,,3
25003,{kS,,3
25003A,{kS,,3
25004,{L\S,,3
25004A,{L\SL\,,3
25004B,{L\S\,,3
25005,{͓S         *65/4,,3
25006,{OS,,3
25006A,{OS{,,3
25007,{͓S,,3
25007A,{͓S͓쒬,,3
25007B,{͓SR   *87/9,,3
25007C,{͓Sq,,3
25007D,{͓S瑁ԍ㑺,,3
25007E,{͓S   *05/1,,3
2501,{s,,3
250101,sk,,3
250102,ss,,3
250103,s,,3
250104,sԋ,,3
250105,s             *89/2,,3
250106,s,,3
250107,s`,,3
250108,s吳,,3
250109,sV,,3
250110,s             *89/2,,3
250111,sQ,,3
250112,s嗄           *89/2,,3
250113,s,,3
250114,s,,3
250115,s,,3
250116,s,,3
250117,s,,3
250118,s铌,,3
250119,s{,,3
250120,sZg,,3
250121,sZg,,3
250122,s,,3
250123,s,,3
250124,sߌ,,3
250125,sZV],,3
250126,s,,3
250127,s,,3
2502,{s,,3
250201,s,,3
250202,s,,3
250203,s,,3
250204,s,,3
250205,s,,3
250206,sk,,3
250207,s,,3
2503,{ݘacs,,3
2504,{Ls,,3
2505,{z{s           *67/1,,3
2506,{rcs,,3
2507,{cs,,3
2508,{Îs,,3
2509,{Ύs,,3
2510,{Lˎs,,3
2511,{s,,3
2512,{s,,3
2513,{؎s,,3
2514,{s,,3
2515,{򍲖s,,3
2516,{xcюs,,3
2517,{Qs,,3
2518,{͓s,,3
2519,{s           *67/1,,3
2520,{͓s           *67/1,,3
2521,{s,,3
2522,{哌s,,3
2523,{as,,3
2524,{ʎs,,3
2525,{s,,3
2526,{Hgs,,3
2527,{^s,,3
2528,{ےÎs,,3
2529,{䎛s,,3
2530,{Ύs,,3
2531,{s,,3
2532,{s,,3
2533,{ls,,3
2534,{s,,3
2535,{㋷Rs,,3
2536,{s,,3
26001,a̎RLcS,,3
26001A,a̎RLcSL쒬,,3
26001B,a̎RLcS,,3
26001C,a̎RLcS  *05/12,,3
26001D,a̎RLcSg  *05/12,,3
26001E,a̎RLcS  *05/12,,3
26001F,a̎RLcSLc쒬,,3
26002,a̎RɓsS,,3
26002A,a̎RɓsSxR,,3
26002B,a̎RɓsS *06/2,,3
26002C,a̎RɓsS炬,,3
26002D,a̎RɓsS쒬,,3
26002E,a̎RɓsSԉ   *05/9,,3
26003,a̎RCS,,3
26003A,a̎RCSÒ   *05/3,,3
26003B,a̎RCS㒬  *05/12,,3
26003C,a̎RCS  *05/12,,3
26003D,a̎RCSI쒬,,3
26004,a̎R߉S         *06/3,,3
26004A,a̎R߉So   *06/3,,3
26004B,a̎R߉SMu쒬 *05/11,,3
26004C,a̎R߉Sœc  *05/11,,3
26004D,a̎R߉S͒  *05/11,,3
26004E,a̎R߉S߉꒬  *05/11,,3
26004F,a̎R߉SR  *05/11,,3
26005,a̎RKS,,3
26005A,a̎RKS哃 *05/4,,3
26005B,a̎RKSxc,,3
26005C,a̎RKS{ *05/3,,3
26005D,a̎RKSl,,3
26005E,a̎RKSݒ,,3
26005F,a̎RKSӘH *05/4,,3
26005G,a̎RKSu쒬 *06/2,,3
26006,a̎RKS,,3
26006A,a̎RKSkR,,3
26006B,a̎RKSÍ *05/3,,3
26006C,a̎RKSF쒬 *05/9,,3
26006D,a̎RKSÍ쒬,,3
26006E,a̎RKSn,,3
26006F,a̎RKSߒqY,,3
26006G,a̎RKS{{ *05/4,,3
26006H,a̎RKS{,,3
26007,a̎RS,,3
26007A,a̎RSÑ   *05/4,,3
26007B,a̎RS암   *04/9,,3
26007C,a̎RSRǒ,,3
26007D,a̎RS쒬,,3
26007E,a̎RSӒ   *05/4,,3
26007F,a̎RS,,3
26007G,a̎RS암쑺 *04/9,,3
26007H,a̎RSl,,3
26007I,a̎RSR   *05/4,,3
26007J,a̎RS_   *05/4,,3
26007K,a̎RS݂Ȃג,,3
26007L,a̎RS쒬,,3
2601,a̎Ra̎Rs,,3
2602,a̎RV{s,,3
2603,a̎RCs,,3
2604,a̎Rcӎs,,3
2605,a̎RVs,,3
2606,a̎R{s,,3
2607,a̎RLcs,,3
2608,a̎RI̐s,,3
2609,a̎Ros,,3
27001,ɌԕS,,3
27001A,ɌԕSS,,3
27002,ɌS           *05/3,,3
27002A,ɌS     *05/3,,3
27002B,ɌSR     *05/3,,3
27002C,ɌSacR   *05/3,,3
27002D,ɌS쒬     *05/3,,3
27003,ɌLnS           *58/5,,3
27004,ɌoΌS           *05/3,,3
27004A,ɌoΌSoΒ     *05/3,,3
27004B,ɌoΌSA     *05/3,,3
27005,ɌKیS,,3
27005A,ɌKیSKې쒬   *05/9,,3
27005B,ɌKیSÒ     *05/9,,3
27005C,ɌKیSV{     *05/9,,3
27005D,ɌKیSq,,3
27006,ɌS           *79/1,,3
27006A,ɌSu     *79/1,,3
27007,ɌÌS,,3
27007A,ɌÌS,,3
27007B,ɌÌSd,,3
27008,ɌS           *67/3,,3
27009,ɌS           *06/3,,3
27009A,ɌS쒬     *06/3,,3
27009B,ɌS     *06/3,,3
27009C,ɌSВ       *06/3,,3
2701,Ɍ_ˎs,,3
27010,ɌӌS,,3
270101,_ˎs,,3
270102,_ˎs,,3
270103,_ˎsɋ,,3
270104,_ˎsc,,3
270105,_ˎs{,,3
270106,_ˎs,,3
270107,_ˎsk,,3
270108,_ˎs,,3
270109,_ˎs,,3
27010A,ɌӌS쒬,,3
27011,Ɍ_S,,3
270110,_ˎs          *80/11,,3
270111,_ˎsc          *80/11,,3
27011A,Ɍ_Ss쒬,,3
27011B,Ɍ_S     *06/3,,3
27011C,Ɍ_S蒬,,3
27011D,Ɍ_S͓  *05/11,,3
27011E,Ɍ_S_蒬    *05/11,,3
27011F,Ɍ_S_͒,,3
27012,ɌS           *05/3,,3
27012A,ɌS蒬     *05/3,,3
27012B,ɌSZ     *05/3,,3
27012C,ɌS|쒬     *05/3,,3
27012D,ɌS     *05/3,,3
27013,ɌpS,,3
27013A,ɌpSO   *05/9,,3
27013B,ɌpS㌎     *05/9,,3
27013C,ɌpSp,,3
27013D,ɌpS     *05/9,,3
27014,ɌS           *06/3,,3
27014A,ɌSƓ     *06/3,,3
27014B,ɌSO     *06/3,,3
27015,ɌS           *06/3,,3
27015A,ɌS풬     *05/3,,3
27015B,ɌSg꒬     *05/3,,3
27015C,ɌSx     *06/3,,3
27015D,ɌS{     *05/3,,3
27015E,ɌSR蒬     *05/3,,3
27016,ɌS,,3
27016A,ɌSc   *05/9,,3
27016B,ɌS      *05/10,,3
27016C,ɌS㒬  *05/10,,3
27016D,ɌS    *05/10,,3
27016E,ɌS,,3
27017,ɌIS           *99/3,,3
27017A,ɌISc     *99/3,,3
27017B,ɌISI     *99/3,,3
27017C,ɌISR     *99/3,,3
27017D,ɌISO쒬     *99/3,,3
27018,ɌÖS           *06/2,,3
27018A,ɌÖSY     *05/3,,3
27018B,ɌÖSWH     *05/3,,3
27018C,ɌÖS{     *05/3,,3
27018D,ɌÖSܐF     *06/2,,3
27018E,ɌÖSÖ     *05/3,,3
27018F,ɌÖSkW     *05/3,,3
27019,ɌXS          *04/10,,3
27019A,ɌXS_    *04/10,,3
27019B,ɌXSs    *04/10,,3
27019C,ɌXS    *04/10,,3
27019D,ɌXSt    *04/10,,3
27019E,ɌXSR쒬    *04/10,,3
27019F,ɌXSX㒬    *04/10,,3
2702,ɌPHs,,3
27020,ɌS,,3
27020A,ɌSl⒬     *05/9,,3
27020B,ɌS     *05/3,,3
27020C,ɌS     *05/9,,3
27020D,ɌS     *05/3,,3
27020E,ɌS,,3
27020F,ɌSV,,3
27021,ɌXS          *05/10,,3
27021A,ɌXSg쒬    *05/10,,3
27022,ɌOS           *05/1,,3
27022A,ɌOSΒ       *05/1,,3
27022B,ɌOSO     *05/1,,3
27022C,ɌOSW     *05/1,,3
27022D,ɌOSW     *05/1,,3
27023,ɌɌS           *54/3,,3
27024,Ɍ{S           *04/3,,3
27024A,Ɍ{S     *04/3,,3
27024B,Ɍ{S剮     *04/3,,3
27024C,Ɍ{S֋{     *04/3,,3
27024D,Ɍ{S{     *04/3,,3
2703,Ɍs,,3
2704,ɌΎs,,3
2705,Ɍ{s,,3
2706,ɌF{s,,3
2707,Ɍs,,3
2708,ɌɒOs,,3
2709,Ɍs,,3
2710,ɌLs,,3
2711,ɌÐs,,3
2712,Ɍs           *05/9,,3
2713,Ɍԕs,,3
2714,Ɍes,,3
2715,Ɍˎs,,3
2716,ɌO؎s,,3
2717,Ɍs,,3
2718,Ɍ쐼s,,3
2719,Ɍs,,3
2720,ɌOcs,,3
2721,Ɍs,,3
2722,ɌRs          *19/4,,3
2723,Ɍ{s,,3
2724,ɌOgs,,3
2725,Ɍ삠킶s,,3
2726,Ɍs,,3
2727,ɌWHs,,3
2728,Ɍs,,3
2729,Ɍs,,3
2730,Ɍ̎s,,3
2731,ɌOgRs,,3
28001,xRːS          *05/10,,9
28001A,xRːS哇    *05/10,,9
28001B,xRːS      *05/10,,9
28001C,xRːS    *05/10,,9
28001D,xRːS咬    *05/10,,9
28002,xRVS         *05/3,,9
28002A,xRVS쒬 *05/3,,9
28002B,xRVSR   *05/3,,9
28003,xRVS,,9
28003A,xRVS,,9
28003B,xRVSFތ *06/3,,9
28003C,xRVSP,,9
28004,xRVS,,9
28004A,xRVSM,,9
28004B,xRVSs,,9
28004C,xRVSR,,9
28005,xRvgS        *05/10,,9
28005A,xRvgS  *05/10,,9
28005B,xRvgS  *04/10,,9
28006,xRwS           *05/3,,9
28006A,xRwSד     *05/3,,9
28006B,xRwSRc     *05/3,,9
28006C,xRwSw     *05/3,,9
28006D,xRwS     *05/3,,9
28007,xRXS           *54/3,,9
28008,xRvgS        *04/10,,9
28008A,xRvgSg  *04/10,,9
28008B,xRvgS  *04/10,,9
28008C,xRvgS㕽  *04/10,,9
28008D,xRvgS쒬  *04/10,,9
28008E,xRvgS[  *04/10,,9
28008F,xRvgS    *04/10,,9
28008G,xRvgS쒬  *04/10,,9
28008H,xRvgSꑺ  *04/10,,9
2801,xRxRs,,9
2802,xRs,,9
2803,xRVs          *05/10,,9
2804,xRÎs,,9
2805,xRXs,,9
2806,xRs,,9
2807,xRs,,9
2808,xRvgs,,9
2809,xRs,,9
2810,xRvs,,9
2811,xRːs,,9
29001,䌧HS           *06/1,,9
29001A,䌧HSR     *06/1,,9
29002,䌧S,,9
29002A,䌧S     *05/9,,9
29002B,䌧Src,,9
29003,䌧ьS,,9
29003A,䌧ьSђ     *06/3,,9
29003B,䌧ьSl,,9
29003C,䌧ьS,,9
29004,䌧S          *05/11,,9
29004A,䌧Sa    *05/11,,9
29005,䌧~S           *06/3,,9
29005A,䌧~S㒆     *05/3,,9
29005B,䌧~Sc   *06/3,,9
29006,䌧S           *06/3,,9
29006A,䌧S䒬     *06/3,,9
29006B,䌧St]     *06/3,,9
29006C,䌧Sۉ     *06/3,,9
29006D,䌧SO     *06/3,,9
29006E,䌧S     *04/2,,9
29006F,䌧SÒ     *04/2,,9
29007,䌧։S           *55/1,,9
29008,䌧S,,9
29008A,䌧S    *04/12,,9
29008B,䌧S͖쑺    *04/12,,9
29008C,䌧S    *04/12,,9
29008D,䌧SzO,,9
29009,䌧OS,,9
29009A,䌧OS     *05/1,,9
29009B,䌧OSDc     *05/1,,9
29009C,䌧OSzU     *06/1,,9
29009D,䌧OS     *06/1,,9
29009E,䌧OS{葺     *05/1,,9
29009F,䌧OSzO,,9
2901,䌧s,,9
29010,䌧OS,,9
29010A,䌧OSO     *05/3,,9
29010B,䌧OSl,,9
29011,䌧gcS,,9
29011A,䌧gcSi,,9
29011B,䌧gcSu䑺   *06/2,,9
29011C,䌧gcS     *06/2,,9
29012,䌧O㒆S,,9
29012A,䌧O㒆Sዷ,,9
2902,䌧։s,,9
2903,䌧s           *05/9,,9
2904,䌧ls,,9
2905,䌧s,,9
2906,䌧Rs,,9
2907,䌧I]s,,9
2908,䌧s,,9
2909,䌧zOs,,9
2910,䌧s,,9
30001,ΐ쌧ΐS           *11/11,,9
30001A,ΐ쌧ΐS     *05/1,,9
30001B,ΐ쌧ΐS͓     *05/1,,9
30001C,ΐ쌧ΐS     *05/1,,9
30001D,ΐ쌧ΐSߗ     *05/1,,9
30001E,ΐ쌧ΐSXs   *11/11,,9
30001F,ΐ쌧ΐS쒬     *05/1,,9
30001G,ΐ쌧ΐSz     *05/1,,9
30001H,ΐ쌧ΐSgJ   *05/1,,9
30002,ΐ쌧]S           *05/9,,9
30002A,ΐ쌧]SR     *05/9,,9
30003,ΐ쌧S,,9
30003A,ΐ쌧Scߕl   *04/9,,9
30003B,ΐ쌧S     *05/2,,9
30003C,ΐ쌧S     *04/9,,9
30003D,ΐ쌧S\o   *04/9,,9
30003E,ΐ쌧S     *05/2,,9
30003F,ΐ쌧S     *05/2,,9
30003G,ΐ쌧S\o,,9
30004,ΐ쌧͖kS,,9
30004A,ΐ쌧͖kS咬,,9
30004B,ΐ쌧͖kSFmC   *04/2,,9
30004C,ΐ쌧͖kS     *04/2,,9
30004D,ΐ쌧͖kS˒     *04/2,,9
30004E,ΐ쌧͖kSÔ,,9
30005,ΐ쌧FS           *05/2,,9
30005A,ΐ쌧FSY     *05/2,,9
30006,ΐ쌧\S,,9
30006A,ΐ쌧\S㒬     *05/1,,9
30006B,ΐ쌧\Sk,,9
30006C,ΐ쌧\SC     *05/1,,9
30006D,ΐ쌧\S䒬     *05/1,,9
30007,ΐ쌧HS,,9
30007A,ΐ쌧HSuY     *05/2,,9
30007B,ΐ쌧HS     *05/2,,9
30007C,ΐ쌧HSu꒬,,9
30007D,ΐ쌧HSx     *05/8,,9
30007E,ΐ쌧HSBu,,9
30008,ΐ쌧PS           *05/2,,9
30008A,ΐ쌧PSc     *05/2,,9
30008B,ΐ쌧PS     *05/2,,9
30008C,ΐ쌧PS\s     *05/2,,9
30008D,ΐ쌧PSO     *05/2,,9
30009,ΐ쌧PS,,9
30009A,ΐ쌧PS,,9
30009B,ΐ쌧PSO     *06/1,,9
30009C,ΐ쌧PS\o,,9
3001,ΐ쌧s,,9
3002,ΐ쌧s,,9
3003,ΐ쌧s,,9
3004,ΐ쌧֓s,,9
3005,ΐ쌧Fs,,9
3006,ΐ쌧s,,9
3007,ΐ쌧Hs,,9
3008,ΐ쌧Cs           *05/1,,9
3009,ΐ쌧قs,,9
3010,ΐ쌧Rs,,9
3011,ΐ쌧\s,,9
3012,ΐ쌧Xss,,9
31001,RpcS,,4
31001A,RpcSpc     *05/3,,4
31001B,RpcSq,,4
31001C,RpcSq   *05/3,,4
31001D,RpcS쒬     *05/3,,4
31001E,RpcS匴     *05/3,,4
31001F,RpcS쓌     *05/3,,4
31002,RԔ֌S           *07/1,,4
31002A,RԔ֌SFR     *05/3,,4
31002B,RԔ֌SRz     *05/3,,4
31002C,RԔ֌S˒     *07/1,,4
31002D,RԔ֌Sԍ⒬     *05/3,,4
31002E,RԔ֌Sg䒬     *05/3,,4
31003,RS,,4
31003A,RS     *06/3,,4
31003B,RS,,4
31003C,RSD䒬     *05/7,,4
31003D,RS񓇒     *06/3,,4
31003E,RS     *06/3,,4
31004,RNS           *05/3,,4
31004A,RNS卲     *05/3,,4
31004B,RNS_     *05/3,,4
31004C,RNSN     *05/3,,4
31004D,RNSN     *05/3,,4
31005,RWvS          *04/10,,4
31005A,RWvSD    *04/10,,4
31005B,RWvS    *04/10,,4
31005C,RWvSWv    *04/10,,4
31006,RcS,,4
31006A,RcS     *05/2,,4
31006B,RcS|,,4
31007,RcS,,4
31007A,RcSk     *05/2,,4
31007B,RcSދ`,,4
31007C,RcSc     *05/3,,4
31007D,RcS,,4
31008,RS           *04/9,,4
31008A,RS㒬     *04/9,,4
31008B,RSH     *04/9,,4
31008C,RS     *04/9,,4
31009,RgS           *05/7,,4
31009A,RgS^     *05/7,,4
3101,RRs,,4
31010,RvČS,,4
310101,Rsk,,4
310102,Rs,,4
310103,Rs,,4
310104,Rs,,4
31010A,RvČS     *05/3,,4
31010B,RvČS       *05/3,,4
31010C,RvČSvĒ     *05/2,,4
31010D,RvČSvē쒬,,4
31010E,RvČS򌴒     *05/3,,4
31010F,RvČS璬,,4
31011,RS           *05/3,,4
31011A,RS蒬     *05/3,,4
31012,R㌎S           *05/2,,4
31012A,R㌎SF䒬     *05/2,,4
31013,R㓹S           *71/4,,4
31014,R[S           *05/3,,4
31014A,R[SL     *04/9,,4
31014B,R[Sk[     *05/3,,4
31014C,R[Sz     *04/9,,4
31015,RsES,,4
31015A,RsES     *05/3,,4
31015B,RsES,,4
31015C,RsESR葺     *05/3,,4
31016,RϓcS,,4
31016A,RϓcSg     *05/2,,4
31016B,RϓcS֌   *05/2,,4
31016C,RϓcSx       *05/2,,4
31016D,RϓcSÒ     *05/2,,4
31016E,RϓcS쒬,,4
31016F,RϓcSΒ     *05/2,,4
31017,R^S,,4
31017A,R^S     *05/3,,4
31017B,R^S㑺     *05/3,,4
31017C,R^Sv     *05/3,,4
31017D,R^SV,,4
31017E,R^Sa     *05/3,,4
31017F,R^SÑ     *05/3,,4
31017G,R^S     *05/3,,4
31017H,R^SR     *05/3,,4
31017I,R^S     *05/3,,4
31018,RÌS           *07/1,,4
31018A,RÌSÒ     *05/3,,4
31018B,RÌSΐ쒬   *04/9,,4
31018C,RÌS     *07/1,,4
31019,RaCS,,4
31019A,RaCS     *05/3,,4
31019B,RaCSaC,,4
31019C,RaCS     *06/2,,4
31019D,RaCSgi     *05/3,,4
3102,Rq~s,,4
31020,RS,,4
31020A,RSg,,4
3103,RÎRs,,4
3104,Rʖs,,4
3105,Rs           *67/1,,4
3106,Rʓs           *67/1,,4
3107,R}s,,4
3108,R厛s         *69/2,,4
3109,R䌴s,,4
3110,RЎs,,4
3111,Rs,,4
3112,RVs,,4
3113,ROs,,4
3114,R˓s,,4
3115,RԔ֎s,,4
3116,R^s,,4
3117,Rs,,4
3118,Rs,,4
32001,ZS           *54/3,,4
32002,CmS           *69/3,,4
32003,ѐΌS,,4
32003A,ѐΌSԗ    *04/12,,4
32003B,ѐΌS|    *04/10,,4
32003C,ѐΌSڌ    *04/12,,4
32003D,ѐΌSO  *04/10,,4
32003E,ѐΌSgc    *04/10,,4
32003F,ѐΌSѓ쒬,,4
32004,WqS,,4
32004A,WqSΌ     *04/9,,4
32004B,WqSWq     *04/9,,4
32004C,WqS{,,4
32004D,WqS]     *04/9,,4
32004E,WqSa     *04/9,,4
32004F,WqSH{   *04/9,,4
32004G,WqS䒬     *04/9,,4
32004H,WqS,,4
32004I,WqSW쒬,,4
32005,匴S          *04/10,,4
32005A,匴SΒ    *04/10,,4
32005B,匴S؎    *04/10,,4
32005C,匴S哌    *04/10,,4
32006,BS,,4
32006A,BS܉ӑ     *04/9,,4
32006B,BSmv,,4
32006C,BSz{     *04/9,,4
32006D,BSCm,,4
32006E,BS     *04/9,,4
32006F,BSs     *04/9,,4
32006G,BSm,,4
32006H,BSB̓,,4
32007,nS           *69/3,,4
32008,S,,4
32008A,S`ؑ     *05/9,,4
32008B,S     *05/9,,4
32008C,SØa쒬,,4
32008D,SZs   *05/9,,4
32008E,Sg꒬,,4
32009,gS           *69/3,,4
3201,]s,,4
32010,mvS           *69/3,,4
32011,߉S           *05/9,,4
32011A,߉S       *05/9,,4
32011B,߉S钬     *05/9,,4
32011C,߉SO     *05/9,,4
32011D,߉Sh     *05/9,,4
32012,mS,,4
32012A,mSm     *05/3,,4
32012B,mSc     *05/3,,4
32012C,mSo_,,4
32013,玖S           *05/9,,4
32013A,玖Sm     *05/9,,4
32013B,玖SÒ   *05/9,,4
32014,\`S           *04/9,,4
32014A,\`S     *04/9,,4
32014B,\`SL     *04/9,,4
32015,S           *11/9,,4
32015A,SΗ˒     *05/3,,4
32015B,SВ     *05/3,,4
32015C,Sc     *05/3,,4
32015D,S꒬     *05/3,,4
32015E,S쒬     *11/9,,4
32016,ZS          *04/10,,4
32016A,ZSC    *04/10,,4
32016B,ZSs    *04/10,,4
32017,S           *11/7,,4
32017A,Sʓ     *05/3,,4
32017B,So_   *11/7,,4
32017C,S_     *05/3,,4
32017D,S     *05/3,,4
32017E,S     *05/3,,4
32017F,S     *05/3,,4
32017G,S     *05/3,,4
32017H,Sۊ֒   *05/3,,4
3202,lcs,,4
3203,o_s,,4
3204,vcs,,4
3205,cs,,4
3206,s,,4
3207,]Îs,,4
3208,cs           *05/3,,4
3209,_s,,4
33001,RS           *05/3,,4
33001A,RS풬      *04/10,,4
33001B,RSRz     *05/3,,4
33002,RS,,4
33002A,RS㑺     *05/3,,4
33002B,RS       *05/3,,4
33002C,RS     *10/1,,4
33002D,RS,,4
33002E,RS{     *05/3,,4
33002F,RSc쒬   *05/3,,4
33002G,RSh     *05/3,,4
33002H,RSނݑ   *05/3,,4
33003,R哇S,,4
33003A,R哇S哇     *04/9,,4
33003B,R哇Sv꒬     *04/9,,4
33003C,R哇Sk       *04/9,,4
33003D,R哇Sa     *04/9,,4
33003E,R哇Sh哇,,4
33004,RÌS           *05/3,,4
33004A,RÌSO     *05/3,,4
33004B,RÌSu     *05/3,,4
33004C,RÌSJ     *05/3,,4
33005,RόS,,4
33005A,RόS唩     *05/2,,4
33005B,RόSϒ     *06/3,,4
33005C,RόS{     *06/3,,4
33005D,RόSRF     *06/3,,4
33005E,RόSaؒ,,4
33005F,RόS     *06/3,,4
33005G,RόSђ       *06/3,,4
33005H,RόS쒬     *06/3,,4
33005I,RόSa     *06/3,,4
33006,RFьS,,4
33006A,RFьS֒,,4
33006B,RFьScz{,,4
33006C,RFьSa    *04/10,,4
33006D,RFьSFђ     *03/4,,4
33006E,RFьS,,4
33007,RgS           *05/9,,4
33007A,RgSn     *05/9,,4
33008,RsZS           *03/4,,4
33008A,RsZS쒬     *03/4,,4
33009,RLYS           *05/2,,4
33009A,RLYSe쒬     *05/2,,4
33009B,RLYSLY     *05/2,,4
33009C,RLYSLc     *05/2,,4
33009D,RLYSLk     *05/2,,4
3301,RRs,,4
33010,RIS           *08/3,,4
33010A,RISHF     *08/3,,4
33010B,RIS     *08/3,,4
33011,Rg~S           *05/9,,4
33011A,Rg~SH䒬     *05/9,,4
33011B,Rg~Sm{   *05/9,,4
33011C,Rg~SS     *05/9,,4
3302,R֎s,,4
3303,RFs,,4
3304,Rs,,4
3305,RRs           *03/4,,4
3306,Rh{s,,4
3307,Rs,,4
3308,R⍑s,,4
3309,Rcs         *05/3,,4
3310,Rs,,4
3311,Rs,,4
3312,Rs,,4
3313,RIs,,4
3314,RVzs         *03/4,,4
3315,Rs,,4
3316,RRzcs,,4
34001,挧S,,4
34001A,挧S,,4
34001B,挧S{    *04/10,,4
34001C,挧S    *04/10,,4
34002,挧CS          *04/10,,4
34002A,挧CSJ    *04/10,,4
34002B,挧CSC    *04/10,,4
34002C,挧CS쒬    *04/10,,4
34003,挧S,,4
34003A,挧S     *04/9,,4
34003B,挧Sݖ{    *04/12,,4
34003C,挧SgÑ,,4
34003D,挧S     *04/9,,4
34003E,挧SR,,4
34003F,挧SR     *05/3,,4
34003G,挧Sa     *05/3,,4
34003H,挧S]     *05/3,,4
34003I,挧S암,,4
34003J,挧S˒,,4
34004,挧S,,4
34004A,挧Sԍ꒬     *04/8,,4
34004B,挧Sh     *05/9,,4
34004C,挧S     *04/9,,4
34004D,挧S       *04/9,,4
34004E,挧SH     *04/9,,4
34004F,挧Sk     *05/9,,4
34004G,挧S֋     *05/3,,4
34004H,挧S     *04/8,,4
34004I,挧SO,,4
34004J,挧Sl,,4
34004K,挧SՉY,,4
34004L,挧Skh,,4
34005,挧S,,4
34005A,挧S]{,,4
34005B,挧S쒬,,4
34005C,挧S쒬,,4
34005D,挧Sa    *04/12,,4
34006,挧S,,4
34006A,挧S    *04/10,,4
34006B,挧SD     *05/3,,4
34006C,挧Sp    *04/10,,4
34006D,挧S,,4
34006E,挧S͌    *04/10,,4
34006F,挧SSƒ     *05/3,,4
34006G,挧Sq,,4
34006H,挧S     *05/3,,4
34006I,挧S,,4
3401,挧s,,4
3402,挧qgs,,4
3403,挧Ďqs,,4
3404,挧`s,,4
35001,L|S,,4
35001A,L|S]c  *04/10,,4
35001B,L|S˒     *05/3,,4
35001C,L|SCc,,4
35001D,L|SF쒬,,4
35001E,L|Sq     *05/3,,4
35001F,L|S⒬,,4
35001G,L|S   *03/3,,4
35001H,L|S{,,4
35001I,L|S     *05/3,,4
35002,LS           *73/3,,4
35003,LiS           *03/2,,4
35003A,LiSVs     *03/2,,4
35004,LΌS           *05/3,,4
35004A,LΌSLh     *05/2,,4
35004B,LΌS     *05/2,,4
35004C,LΌS͓     *05/2,,4
35004D,LΌSa     *05/3,,4
35004E,LΌSx     *05/2,,4
35005,LbzS           *05/3,,4
35005A,LbzSbz     *04/3,,4
35005B,LbzS㉺     *04/3,,4
35005C,LbzS̒     *05/3,,4
35006,LS          *05/11,,4
35006A,LS    *04/10,,4
35006B,LS\    *04/10,,4
35006C,LSs   *88/3,,4
35006D,LS{    *05/11,,4
35006E,LSga     *03/2,,4
35006F,LSܓs   *85/3,,4
35006G,LS`    *04/10,,4
35006H,LS쒬    *05/11,,4
35006I,LS     *03/2,,4
35006J,LS     *05/4,,4
35007,L_ΌS,,4
35007A,L_ΌSL    *04/11,,4
35007B,L_ΌSOa    *04/11,,4
35007C,L_ΌS_Β    *04/11,,4
35007D,L_ΌSؒ    *04/11,,4
35007E,L_ΌS_΍,,4
35008,LS,,4
35008A,LSbR     *04/9,,4
35008B,LS,,4
35008C,LS   *04/9,,4
35009,LcS           *04/2,,4
35009A,LcS㒬   *04/2,,4
35009B,LcSgc     *04/2,,4
35009C,LcSbc     *04/2,,4
35009D,LcS{     *04/2,,4
35009E,LcSy   *04/2,,4
35009F,LcS     *04/2,,4
3501,LLs,,4
35010,LLcS,,4
350101,Ls,,4
350102,Ls,,4
350103,Ls,,4
350104,Ls,,4
350105,Ls,,4
350106,Lsk,,4
350107,Ls|,,4
350108,Ls,,4
35010A,LLcS|Ò   *05/2,,4
35010B,LLcS蒬     *03/3,,4
35010C,LLcSK     *04/3,,4
35010D,LLcS؍]     *03/3,,4
35010E,LLcS쒬     *03/3,,4
35010F,LLcS˓c   *06/1,,4
35010G,LLcSLl     *05/3,,4
35010H,LLcS{     *05/3,,4
35010I,LLcSY     *05/3,,4
35010J,LLcSL       *05/3,,4
35010K,LLcS㓇,,4
35011,LGS           *05/1,,4
35011A,LGSC     *03/2,,4
35011B,LGSG     *05/1,,4
35012,LkS           *05/3,,4
35012A,LkSa     *05/3,,4
35012B,LkSa     *05/3,,4
35012C,LkS钬     *05/3,,4
35012D,LkS쒬     *05/3,,4
35012E,LkS钬     *05/3,,4
35013,L[S           *06/2,,4
35013A,L[S_Ӓ     *06/2,,4
35014,LoOS           *04/3,,4
35014A,LoOSgɒ     *04/3,,4
35014B,LoOSNc     *04/3,,4
35014C,LoOSOǍ⒬   *04/3,,4
35014D,LoOSؑ     *04/3,,4
35014E,LoOSz쑺     *04/3,,4
35014F,LoOSOa     *04/3,,4
35015,L䒲S           *05/3,,4
35015A,L䒲S     *05/3,,4
35015B,L䒲Sv䒬     *05/3,,4
35015C,L䒲S䒲     *05/3,,4
35016,LRS,,4
35016A,LRSꑺ     *04/9,,4
35016B,LRS咩     *05/1,,4
35016C,LRSv     *04/9,,4
35016D,LRS|k     *05/1,,4
35016E,LRSc   *05/1,,4
35016F,LRSˉ͓   *04/9,,4
35016G,LRSL     *05/1,,4
35016H,LRS|c,,4
35016I,LRSkL,,4
3502,Ls,,4
3503,L|s,,4
3504,LOs,,4
3505,Ls,,4
3506,Ls           *06/1,,4
3507,Lis           *66/4,,4
3508,LRs,,4
3509,L{s,,4
3510,LOs,,4
3511,Ls,,4
3512,L|s,,4
3513,LLs,,4
3514,Lss,,4
3515,L|cs,,4
3516,L]cs,,4
36001,쌧̌S,,5
36001A,쌧̌S̒     *05/3,,5
36001B,쌧̌S㒬     *06/3,,5
36001C,쌧̌SFÒ,,5
36001D,쌧̌S   *06/1,,5
36001E,쌧̌SюR     *05/3,,5
36001F,쌧̌S쒬     *06/3,,5
36001G,쌧̌S쒬,,5
36002,쌧S           *03/3,,5
36002A,쌧S쒬     *02/3,,5
36002B,쌧S쒬     *02/3,,5
36002C,쌧SÓc     *02/3,,5
36002D,쌧S     *02/3,,5
36002E,쌧Sc     *03/3,,5
36002F,쌧S     *03/3,,5
36002G,쌧Sux     *02/3,,5
36002H,쌧S     *03/3,,5
36003,쌧S,,5
36003A,쌧S쒬     *06/1,,5
36003B,쌧S쒬     *06/1,,5
36003C,쌧S,,5
36003D,쌧S]     *05/9,,5
36004,쌧ؓcS,,5
36004A,쌧ؓcS     *06/1,,5
36004B,쌧ؓcSOؒ,,5
36004C,쌧ؓcS璬     *06/1,,5
36005,쌧S,,5
36005A,쌧Src     *06/3,,5
36005B,쌧SC     *06/3,,5
36005C,쌧Sy,,5
36005D,쌧S,,5
36006,쌧xS,,5
36006A,쌧xSՕ,,5
36006B,쌧xSxÒ,,5
36006C,쌧xS쒬   *06/3,,5
36006D,쌧xSՓ쒬   *06/3,,5
36006E,쌧xSZ   *06/3,,5
36006F,쌧xS܂̂,,5
36007,쌧OLS          *05/12,,5
36007A,쌧OLS쌴  *05/10,,5
36007B,쌧OLSc    *05/12,,5
36007C,쌧OLS    *05/12,,5
36007D,쌧OLSL    *05/12,,5
36007E,쌧OLSLl    *05/10,,5
36007F,쌧OLSm    *05/12,,5
36007G,쌧OLSO쒬    *05/12,,5
36007H,쌧OLSR{    *05/12,,5
36007I,쌧OLSlԒ    *05/12,,5
3601,쌧s,,5
3602,쌧ۋTs,,5
3603,쌧os,,5
3604,쌧Pʎs,,5
3605,쌧ωs,,5
3606,쌧ʂs,,5
3607,쌧s,,5
3608,쌧OLs,,5
37001,gS           *05/3,,5
37001A,gSg     *05/3,,5
37001B,gSs꒬     *05/3,,5
37002,S,,5
37002A,SZ,,5
37002B,S쒬,,5
37002C,S,,5
37002D,Sk,,5
37002E,Sy     *05/3,,5
37002F,SΒ,,5
37002G,Sg쒬     *05/3,,5
37003,AS           *04/9,,5
37003A,AS     *04/9,,5
37003B,AS쓇     *04/9,,5
37003C,AS     *04/9,,5
37003D,ASR쒬     *04/9,,5
37004,CS,,5
37004A,CSC     *06/3,,5
37004B,CS     *06/3,,5
37004C,CSa   *06/3,,5
37004D,CS,,5
37004E,CSC쒬     *06/3,,5
37004F,CSR     *06/3,,5
37004G,CSg,,5
37004H,CSCz,,5
37005,YS,,5
37005A,YSY,,5
37005B,YS㏟,,5
37006,߉S,,5
37006A,߉SHmY   *06/3,,5
37006B,߉Sh~     *05/2,,5
37006C,߉S     *05/2,,5
37006D,߉S߉꒬   *05/2,,5
37006E,߉Sؑ     *05/2,,5
37006F,߉Sؓ     *05/2,,5
37006G,߉S߉쒬   *06/3,,5
37006H,߉S߉꒬,,5
37007,S,,5
37007A,SΈ䒬,,5
37007B,S_R,,5
37008,S,,5
37008A,S߉͓,,5
37009,nS,,5
37009A,nSF     *05/2,,5
37009B,nS؉   *05/2,,5
37009C,nS     *05/2,,5
37009D,nS     *05/2,,5
37009E,nSc     *05/2,,5
37009F,nSn     *05/2,,5
37009G,nSe       *05/2,,5
37009H,nS邬,,5
3701,s,,5
37010,ODS,,5
37010A,ODS쒬     *06/2,,5
37010B,ODScJR *06/2,,5
37010C,ODScJR *06/2,,5
37010D,ODSO쒬     *06/2,,5
37010E,ODSrc     *06/2,,5
37010F,ODSOΒ   *06/2,,5
37010G,ODSOD     *06/2,,5
37010H,ODSR钬     *06/2,,5
37010I,ODS݂悵,,5
3702,s,,5
3703,s,,5
3704,s,,5
3705,gs,,5
3706,gs,,5
3707,ns,,5
3708,ODs,,5
38001,Qɗ\S,,5
38001A,Qɗ\SLc    *04/12,,5
38001B,Qɗ\SO,,5
38001C,Qɗ\Su,,5
38001D,Qɗ\SR     *05/3,,5
38001E,Qɗ\SoC     *05/3,,5
38002,QFS           *04/3,,5
38002A,QFSV{     *04/3,,5
38002B,QFSy     *04/3,,5
38002C,QFSʎqR   *03/3,,5
38003,QzqS,,5
38003A,QzqSq     *05/1,,5
38003B,QzqS     *04/9,,5
38003C,QzqS鑺     *04/9,,5
38003D,QzqS     *04/9,,5
38003E,QzqS吼     *05/1,,5
38003F,QzqSY     *05/1,,5
38003G,QzqSeԒ     *05/1,,5
38003H,QzqS֑O     *05/1,,5
38003I,QzqSʐ쒬     *05/1,,5
38003J,QzqSg     *05/1,,5
38003K,QzqS     *05/1,,5
38003L,QzqS|풬     *04/9,,5
38003M,QzqSgC     *05/1,,5
38003N,QzqSO   *05/1,,5
38003O,QzqS{E     *05/1,,5
38003P,QzqS㓇,,5
38004,QS          *04/12,,5
38004A,QS     *04/9,,5
38004B,QSdM     *04/9,,5
38004C,QS    *04/12,,5
38005,Q㕂S,,5
38005A,Q㕂Sc  *04/12,,5
38005B,Q㕂Sʉ͑   *04/7,,5
38005C,Q㕂SJ   *04/7,,5
38005D,Q㕂Sv   *04/7,,5
38005E,Q㕂S쑺   *04/7,,5
38005F,Q㕂Sv,,5
38006,Q쑽S,,5
38006A,Q쑽S܏\蒬  *04/12,,5
38006B,Q쑽S͕ӑ     *05/1,,5
38006C,Q쑽Sn쒬     *05/1,,5
38006D,Q쑽Sq,,5
38006E,Q쑽Sl     *05/1,,5
38007,QkFaS,,5
38007A,QkFaSg  *04/12,,5
38007B,QkFaSOԒ   *05/7,,5
38007C,QkFaSgc   *05/7,,5
38007D,QkFaSÓ   *05/7,,5
38007E,QkFaSL  *04/12,,5
38007F,QkFaS쒬,,5
38007G,QkFaSSk,,5
38008,QKS          *04/10,,5
38008A,QKS    *04/10,,5
38008B,QKSO    *04/10,,5
38009,QVS           *59/3,,5
3801,QRs,,5
38010,QFaS,,5
38010A,QFaSOr   *04/3,,5
38010B,QFaSɕ,,5
38010C,QFaS˒   *05/3,,5
38010D,QFaSۓ   *05/3,,5
38010E,QFaSO蒬   *05/3,,5
38011,QFaS         *04/3,,5
38011A,QFaSl   *04/3,,5
38011B,QFaSFa   *04/3,,5
38011C,QFaS쒬   *04/3,,5
38011D,QFaS쑺   *04/3,,5
38012,QFaS,,5
38012A,QFaS{ *04/9,,5
38012B,QFaSC   *04/9,,5
38012C,QFaSC   *04/9,,5
38012D,QFaSӒ   *04/9,,5
38012E,QFaS䑑   *04/9,,5
38012F,QFaS쒬,,5
3802,Qs,,5
3803,QFas,,5
3804,Qls,,5
3805,QVls,,5
3806,Qs,,5
3807,QFs,,5
3808,Qɗ\Os       *04/3,,5
3809,QV]s         *04/3,,5
3810,Qɗ\s,,5
3811,Qks          *04/12,,5
3812,Q\s          *04/10,,5
3813,Qls,,5
3814,Q\s,,5
3815,Qs,,5
39001,mS,,5
39001A,mSr쒬     *05/7,,5
39001B,mS쑺     *05/7,,5
39001C,mSɖ쒬     *04/9,,5
39001D,mSk     *04/9,,5
39001E,mSt쒬    *07/12,,5
39001F,mS̒,,5
39001G,mSm쒬,,5
39002,m|S,,5
39002A,m|SnH,,5
39002B,m|Sc쒬,,5
39002C,m|Sޔ,,5
39002D,m|Sc,,5
39002E,m|Sk쑺,,5
39002F,m|S|,,5
39002G,m|Sm,,5
39003,mS           *06/2,,5
39003A,mSԉ     *06/2,,5
39003B,mSs     *06/2,,5
39003C,mS{     *06/2,,5
39003D,mSg쑺     *06/2,,5
39003E,mS   *06/2,,5
39003F,mSk     *06/2,,5
39003G,mSyRc *06/2,,5
39003H,mS     *06/2,,5
39004,mS,,5
39004A,mS쌩  *05/12,,5
39004B,mS쒬,,5
39004C,mSzm,,5
39004D,mSE쒬     *06/3,,5
39004E,mSy,,5
39004F,mSm     *05/7,,5
39004G,mStR     *05/1,,5
39004H,mSÖ쑺   *05/1,,5
39004I,mS,,5
39004J,mS,,5
39004K,mSÖ쒬,,5
39004L,mSl\,,5
39005,myS,,5
39005A,myS      *04/12,,5
39005B,mySyR  *04/12,,5
39005C,myS쑺,,5
39005D,mySy,,5
39005E,myS{쑺     *04/9,,5
39006,mS,,5
39006A,mSL,,5
39006B,mS{R,,5
39007,mS,,5
39007A,mS꒬     *06/3,,5
39007B,mS吳     *06/3,,5
39007C,mSO,,5
39007D,mS     *06/3,,5
39007E,mS匎,,5
39007F,mS\a     *06/3,,5
39007G,mSy   *05/4,,5
39007H,mS,,5
3901,mms,,5
3902,mˎs,,5
3903,m|s,,5
3904,mys,,5
3905,m{s,,5
3906,ms           *05/4,,5
3907,mhюs,,5
3908,mys,,5
3909,m썑s,,5
3910,ml\s,,5
3911,ms,,5
3912,ms,,5
40001,qS,,6
40001A,qSΌ   *05/3,,6
40001B,qSR   *05/3,,6
40001C,qSO֒     *05/3,,6
40001D,qS{     *05/3,,6
40001E,qSq     *06/3,,6
40001F,qSfؒ     *06/3,,6
40001G,qS}O,,6
40001H,qS,,6
40002,S          *09/12,,6
40002A,Su    *09/12,,6
40002B,S䒬    *09/12,,6
40002C,SO     *92/9,,6
40003,HS           *05/3,,6
40003A,HSH     *05/3,,6
40003B,HScے   *05/2,,6
40003C,HSg䒬     *05/3,,6
40004,S,,6
40004A,S,,6
40004B,S_,,6
40004C,S꒬,,6
40004D,S,,6
40005,S,,6
40005A,SF,,6
40005B,S,,6
40005C,SÉ꒬     *97/9,,6
40005D,SI,,6
40005E,Suƒ,,6
40005F,SV{,,6
40005G,SvR,,6
40005H,S{b,,6
40006,ÕS,,6
40006A,ÕSz     *06/3,,6
40006B,ÕSO䒬     *06/3,,6
40006C,ÕSj쒬,,6
40006D,ÕS     *06/3,,6
40006E,ÕS}䒬     *06/3,,6
40006F,ÕSg     *06/3,,6
40006G,ÕSoc     *06/3,,6
40006H,ÕSÕ䒬     *06/3,,6
40007,ƎS,,6
40007A,ƎS|,,6
40007B,ƎSƎ蒬,,6
40007C,ƎS{c     *06/2,,6
40007D,ƎS{     *06/2,,6
40008,ǌS           *75/2,,6
40009,cS,,6
40009A,cSԑ,,6
40009B,cSԒr     *06/3,,6
40009C,cSc,,6
40009D,cSC,,6
40009E,cSc     *06/3,,6
40009F,cSt,,6
40009G,cS钬     *06/3,,6
40009H,cS蒬,,6
40009I,cSYc,,6
40009J,cSq,,6
4001,s,,6
40010,}S           *18/9,,6
400101,s,,6
400102,s,,6
400103,s,,6
400104,s,,6
400105,s,,6
400106,s,,6
400107,sǋ,,6
40010A,}Sɕ{   *82/3,,6
40010B,}S߉ϐ쒬   *18/9,,6
40011,zS,,6
40011A,zSVgx  *05/10,,6
40011B,zSgx,,6
40011C,zSœc     *06/1,,6
40011D,zS啽    *05/10,,6
40011E,zSz钬     *06/1,,6
40011F,zSђ,,6
40011G,zSz㒬,,6
40012,OS,,6
40012A,OSk쒬     *05/2,,6
40012B,OS品,,6
40013,OrS           *07/1,,6
40013A,OrSc     *07/1,,6
40014,OkS,,6
40014A,OkSؒ,,6
40014B,OkS铇     *05/2,,6
40014C,OkSO     *05/2,,6
40015,sS,,6
40015A,sSR     *06/3,,6
40015B,sSc,,6
40015C,sSLÒ     *06/3,,6
40015D,sSҐ쒬     *06/3,,6
40015E,sS݂₱,,6
40016,@S           *05/3,,6
40016A,@S哇     *05/3,,6
40016B,@SԒ     *05/1,,6
40016C,@SC     *03/3,,6
40016D,@SÉ蒬   *05/1,,6
40016E,@S@     *81/3,,6
40017,RS           *07/1,,6
40017A,RS     *07/1,,6
40017B,RSO     *05/3,,6
40017C,RSR쒬     *07/1,,6
40017D,RSa     *05/3,,6
40018,S,,6
40018A,Sz     *06/9,,6
40018B,SL쒬,,6
40018C,S쑺     *10/1,,6
40018D,S     *10/1,,6
40018E,Sؒ     *10/1,,6
40018F,SԒ     *10/1,,6
4002,qs           *63/2,,6
4003,is           *63/2,,6
4004,s           *63/2,,6
4005,˔s           *63/2,,6
4006,ᏼs           *63/2,,6
4007,vĎs,,6
4008,喴cs,,6
4009,s,,6
4010,ђˎs,,6
4011,cs,,6
4012,s,,6
4013,Ö؎s           *06/3,,6
4014,Rcs           *06/3,,6
4015,s,,6
4016,}s,,6
4017,s,,6
4018,ss,,6
4019,LOs,,6
4020,Ԏs,,6
4021,kBs,,6
402101,kBsi,,6
402102,kBsᏼ,,6
402103,kBs˔,,6
402104,kBsqk,,6
402105,kBsq,,6
402106,kBs,,6
402107,kBs,,6
402108,kBs         *74/3,,6
402109,kBsq         *74/3,,6
4022,Ss,,6
4023,ts,,6
4024,}s,,6
4025,s,,6
4026,@s,,6
4027,ɕ{s,,6
4028,Os          *09/12,,6
4029,És,,6
4030,Îs,,6
4031,͎s,,6
4032,{s,,6
4033,Ös,,6
4034,qs,,6
4035,݂܎s,,6
4036,s,,6
4037,߉ϐs,,6
41001,ꌧS           *05/2,,6
41001A,ꌧS     *05/2,,6
41001B,ꌧSÒ     *05/2,,6
41001C,ꌧS钬     *05/2,,6
41001D,ꌧSO   *05/2,,6
41002,ꌧ_S,,6
41002A,ꌧ_SҐU     *06/3,,6
41002B,ꌧ_Sc   *06/3,,6
41002C,ꌧ_SҐU   *06/2,,6
41002D,ꌧ_SOc쒬   *06/2,,6
41002E,ꌧ_SO     *05/9,,6
41002F,ꌧ_S_钬     *06/3,,6
41002G,ꌧ_Sg샖,,6
41003,ꌧnS,,6
41003A,ꌧnSL    *04/12,,6
41003B,ꌧnS咬,,6
41003C,ꌧnSk     *06/2,,6
41003D,ꌧnS]k,,6
41003E,ꌧnSx    *04/12,,6
41003F,ꌧnSR     *06/2,,6
41003G,ꌧnSΒ,,6
41004,ꌧS           *07/9,,6
41004A,ꌧSvۓc   *07/9,,6
41004B,ꌧS^꒬   *07/9,,6
41004C,ꌧSx     *05/9,,6
41004D,ꌧS앛     *07/9,,6
41004E,ꌧSxm     *05/9,,6
41004F,ꌧSa     *05/9,,6
41005,ꌧYS,,6
41005A,ꌧYSLc,,6
41005B,ꌧYSLc *06/2,,6
41006,ꌧYS,,6
41006A,ꌧYSm  *04/12,,6
41006B,ꌧYSkg *04/12,,6
41006C,ꌧYSؒ  *04/12,,6
41006D,ꌧYSC,,6
41006E,ꌧYSR  *05/12,,6
41006F,ꌧYSlʒ  *04/12,,6
41006G,ꌧYSĎq  *04/12,,6
41006H,ꌧYS  *04/12,,6
41006I,ꌧYSO  *04/12,,6
41007,ꌧÌS,,6
41007A,ꌧÌS쒬    *05/12,,6
41007B,ꌧÌSc    *05/12,,6
41007C,ꌧÌSǒ,,6
41008,ꌧO{S,,6
41008A,ꌧO{S,,6
41008B,ꌧO{SkΈ *05/2,,6
41008C,ꌧO{SR,,6
41008D,ꌧO{S   *05/2,,6
41008E,ꌧO{SO   *05/2,,6
41008F,ꌧO{S݂₫,,6
4101,ꌧs,,6
4102,ꌧÎs,,6
4103,ꌧs,,6
4104,ꌧvs,,6
4105,ꌧɖs,,6
4106,ꌧYs,,6
4107,ꌧs,,6
4108,ꌧs,,6
4109,ꌧs,,6
4110,ꌧ_s,,6
42001,茧S           *04/2,,6
42001A,茧SΓc     *04/2,,6
42001B,茧SӒ     *04/2,,6
42001C,茧S{     *04/2,,6
42001D,茧SmY   *04/2,,6
42002,茧㌧S           *04/2,,6
42002A,茧㌧S㌧     *04/2,,6
42002B,茧㌧SΔn   *04/2,,6
42002C,茧㌧S       *04/2,,6
42003,茧kS         *05/2,,6
42003A,茧kSѐ   *05/2,,6
42003B,茧kS䒬 *05/2,,6
42003C,茧kSXR   *05/2,,6
42003D,茧kS   *05/2,,6
42004,茧kYS,,6
42004A,茧kYS   *05/9,,6
42004B,茧kYS]}   *10/3,,6
42004C,茧kYS哇   *05/9,,6
42004D,茧kYSl꒬,,6
42004E,茧kYSX,,6
42004F,茧kYSm *05/3,,6
42004G,茧kYS铇  *05/12,,6
42004H,茧kYSc   *05/9,,6
42004I,茧kYS  *05/12,,6
42004J,茧kYSg䒬   *05/3,,6
42004K,茧kYSFv   *06/3,,6
42004L,茧kYSX *06/3,,6
42004M,茧kYS   *10/3,,6
42005,茧S           *04/2,,6
42005A,茧SLʒ     *04/2,,6
42005B,茧S     *04/2,,6
42005C,茧SÓ   *04/2,,6
42006,茧ދnS,,6
42006A,茧ދnSɉ *05/1,,6
42006B,茧ދnS哇   *05/3,,6
42006C,茧ދnSĒ   *05/1,,6
42006D,茧ދnSOa   *05/1,,6
42006E,茧ދnS   *05/1,,6
42006F,茧ދnS蒬 *05/1,,6
42006G,茧ދnS吣˒ *05/3,,6
42006H,茧ދnSՊC   *06/1,,6
42006I,茧ދnSC   *05/3,,6
42006J,茧ދnS˒   *05/3,,6
42006K,茧ދnSޒ   *05/3,,6
42006L,茧ދnSOC   *05/1,,6
42006M,茧ދnSǌ *05/2,,6
42006N,茧ދnSÒ,,6
42006O,茧ދnS^,,6
42007,茧ދnS,,6
42007A,茧ދnSI,,6
42007B,茧ދnSg,,6
42007C,茧ދnSދn,,6
42008,茧썂S         *06/3,,6
42008A,茧썂S쒬  *05/10,,6
42008B,茧썂SȒ  *05/10,,6
42008C,茧썂SL  *05/12,,6
42008D,茧썂SÍ *06/3,,6
42008E,茧썂SkLn *06/3,,6
42008F,茧썂SVÒ *06/3,,6
42008G,茧썂S  *05/10,,6
42008H,茧썂SXΒ *05/10,,6
42008I,茧썂SLƒ *06/3,,6
42008J,茧썂S[]   *06/3,,6
42008K,茧썂SzÒ   *06/3,,6
42008L,茧썂S䒬  *05/10,,6
42008M,茧썂SR *05/10,,6
42008N,茧썂SLƒ   *06/3,,6
42008O,茧썂Sl  *05/10,,6
42008P,茧썂SLn *06/3,,6
42009,茧쏼YS,,6
42009A,茧쏼YSx]   *04/7,,6
42009B,茧쏼YSޗ   *04/7,,6
42009C,茧쏼YSOy *04/7,,6
42009D,茧쏼YSL쒬   *04/7,,6
42009E,茧쏼YSܓ *04/7,,6
42009F,茧쏼YSh   *04/7,,6
42009G,茧쏼YSVڒ *04/7,,6
42009H,茧쏼YSʔVY *04/7,,6
42009I,茧쏼YSޗǔ *04/7,,6
42009J,茧쏼YSᏼ   *04/7,,6
42009K,茧쏼YSVܓ,,6
4201,茧s,,6
4202,茧ێs,,6
4203,茧s,,6
4204,茧|s,,6
4205,茧呺s,,6
4206,茧]s           *04/7,,6
4207,茧ˎs,,6
4208,茧Ys,,6
4209,茧Δns,,6
4210,茧s,,6
4211,茧ܓs,,6
4212,茧Cs,,6
4213,茧_s,,6
4214,茧쓇s,,6
43001,F{kS,,6
43001A,F{kScY    *04/12,,6
43001B,F{kSÓޖؒ,,6
43001C,F{kSk,,6
43002,F{hS,,6
43002A,F{hS̋{   *05/2,,6
43002B,F{hSYR,,6
43002C,F{hS,,6
43002D,F{hSvؖ쑺   *05/2,,6
43002E,F{hSg쑺     *05/2,,6
43002F,F{hS쏬,,6
43002G,F{hSh     *05/2,,6
43002H,F{hShz     *05/2,,6
43002I,F{hSX,,6
43002J,F{hSz     *05/2,,6
43002K,F{hS,,6
43002L,F{hS     *05/2,,6
43002M,F{hS숢h,,6
43003,F{VS,,6
43003A,F{VSqx     *06/3,,6
43003B,F{VS䏊Y   *06/3,,6
43003C,F{VS{     *06/3,,6
43003D,F{VSP˒     *04/3,,6
43003E,F{VSx   *04/3,,6
43003F,F{VSV     *06/3,,6
43003G,F{VSL     *06/3,,6
43003H,F{VSܘa     *06/3,,6
43003I,F{VS쒬   *04/3,,6
43003J,F{VS͉Y     *06/3,,6
43003K,F{VSVa     *06/3,,6
43003L,F{VS     *04/3,,6
43003M,F{VSk,,6
43004,F{FyS           *05/1,,6
43004A,F{FySsmΒ   *05/1,,6
43004B,F{FySOp     *05/1,,6
43005,F{vS,,6
43005A,F{vSÓ,,6
43005B,F{vSa   *05/2,,6
43005C,F{vSb,,6
43005D,F{vSv钬,,6
43005E,F{vSD,,6
43005F,F{vS   *05/2,,6
43005G,F{vSRs,,6
43006,F{{S           *10/3,,6
43006A,F{{S     *05/1,,6
43006B,F{{Sk     *05/1,,6
43006C,F{{S{     *05/1,,6
43006D,F{{Se     *05/1,,6
43006E,F{{SAؒ     *10/3,,6
43007,F{erS,,6
43007A,F{erSez,,6
43007B,F{erSu     *05/3,,6
43007C,F{erSu     *06/2,,6
43007D,F{erS     *05/3,,6
43007E,F{erS钬     *05/3,,6
43007F,F{erSu   *06/2,,6
43007G,F{erSÒ,,6
43008,F{S,,6
43008A,F{Sܖؑ,,6
43008B,F{S㑺       *03/3,,6
43008C,F{S     *03/3,,6
43008D,F{S{b     *03/3,,6
43008E,F{Sǖؒ,,6
43008F,F{Sђ,,6
43008G,F{S[c     *03/3,,6
43008H,F{S㑺,,6
43008I,F{SƓc     *03/3,,6
43008J,F{SR],,6
43008K,F{SO,,6
43008L,F{S,,6
43008M,F{SǑ,,6
43008N,F{S蒬,,6
43009,F{vS,,6
43009A,F{vS쒬   *10/3,,6
43009B,F{vSx   *08/10,,6
43009C,F{vSL쒬   *05/1,,6
43009D,F{vS   *05/1,,6
43009E,F{vS쒬   *05/1,,6
43009F,F{vS  *04/10,,6
43009G,F{vSup  *04/10,,6
43009H,F{vS,,6
4301,F{F{s,,6
43010,F{ʖS,,6
430101,F{s,,6
430102,F{s,,6
430103,F{s,,6
430104,F{s,,6
430105,F{sk,,6
43010A,F{ʖSe     *06/2,,6
43010B,F{ʖSʓ,,6
43010C,F{ʖSЖ    *05/10,,6
43010D,F{ʖSV     *05/10,,6
43010E,F{ʖSF,,6
43010F,F{ʖS    *05/10,,6
43010G,F{ʖS֒,,6
43010H,F{ʖSOa   *06/2,,6
43010I,F{ʖSa,,6
43011,F{OS           *91/1,,6
43011A,F{OS͓     *91/1,,6
43011B,F{OSV     *91/1,,6
43011C,F{OSk     *91/1,,6
43011D,F{OSOc     *91/1,,6
43012,F{S,,6
43012A,F{S璚     *05/7,,6
43012B,F{Sz     *05/7,,6
43012C,F{S       *05/7,,6
43012D,F{S       *05/7,,6
43012E,F{S{     *05/7,,6
43012F,F{S{     *05/9,,6
43012G,F{Sk     *05/9,,6
43012H,F{SX쒬,,6
4302,F{s,,6
4303,F{lgs,,6
4304,F{rs,,6
4305,F{s,,6
4306,F{ʖs,,6
4307,F{{ns           *06/3,,6
4308,F{Rs,,6
4309,F{[s           *06/3,,6
4310,F{ers,,6
4311,F{Fys,,6
4312,F{Vs,,6
4313,F{Fs,,6
4314,F{hs,,6
4315,F{Vs,,6
4316,F{us,,6
44001,啪FS           *05/3,,6
44001A,啪FSS@   *05/3,,6
44001B,啪FS@     *05/3,,6
44002,啪啪S           *05/9,,6
44002A,啪啪S     *05/9,,6
44002B,啪啪SÌ  *04/12,,6
44002C,啪啪SpԒ     *05/9,,6
44002D,啪啪Sz@   *05/9,,6
44003,啪S           *05/3,,6
44003A,啪S     *05/3,,6
44003B,啪SΑ     *05/3,,6
44003C,啪Sn     *05/3,,6
44003D,啪S쒬     *05/3,,6
44003E,啪S     *05/3,,6
44003F,啪S쑺     *05/3,,6
44003G,啪SÒ    *04/12,,6
44003H,啪SOd     *05/3,,6
44004,啪kCS        *04/12,,6
44004A,啪kCS֒ *04/12,,6
44005,啪S,,6
44005A,啪S쒬,,6
44005B,啪Sd,,6
44006,啪ьS           *05/2,,6
44006A,啪ьSO     *05/2,,6
44006B,啪ьS{nk *05/2,,6
44006C,啪ьSnk   *05/2,,6
44006D,啪ьSR     *05/2,,6
44007,啪S           *05/3,,6
44007A,啪S       *05/3,,6
44007B,啪S     *05/3,,6
44007C,啪SvZ     *05/3,,6
44008,啪S         *05/9,,6
44008A,啪SXn *05/3,,6
44008B,啪S^ʒ   *05/3,,6
44008C,啪Sc   *05/9,,6
44009,啪S,,6
44009A,啪So,,6
44009B,啪SR     *05/9,,6
4401,啪啪s,,6
44010,啪S,,6
44010A,啪SP,,6
44010B,啪S   *06/3,,6
44010C,啪S   *06/3,,6
44010D,啪S   *06/3,,6
44010E,啪S   *06/3,,6
44011,啪cS           *05/3,,6
44011A,啪cSR     *05/3,,6
44011B,啪cSÍ]   *05/3,,6
44011C,啪cSV     *05/3,,6
44011D,啪cSÍ]   *05/3,,6
44011E,啪cSOÍ]   *05/3,,6
44012,啪CS         *05/3,,6
44012A,啪CSY   *05/3,,6
44012B,啪CS쑺   *05/3,,6
44012C,啪CS퐶   *05/3,,6
44012D,啪CSFڒ   *05/3,,6
44012E,啪CS]   *05/3,,6
44012F,啪CSߌ   *05/3,,6
44012G,啪CS{   *05/3,,6
44012H,啪CSĐÑ *05/3,,6
4402,啪ʕ{s,,6
4403,啪Îs,,6
4404,啪cs,,6
4405,啪s,,6
4406,啪Pns,,6
4407,啪Ëvs,,6
4408,啪|cs,,6
4409,啪ߍs           *63/3,,6
4410,啪L㍂cs,,6
4411,啪nzs,,6
4412,啪Fs,,6
4413,啪Ls,,6
4414,啪Rzs,,6
4415,啪s,,6
45001,{茧kS,,6
45001A,{茧kS蒬  *05/12,,6
45001B,{茧kSOҒ,,6
45001C,{茧kSRc  *05/12,,6
45001D,{茧kS钬  *05/12,,6
45001E,{茧kSRV *05/12,,6
45002,{茧S,,6
45002A,{茧S쒬,,6
45002B,{茧S璬,,6
45002C,{茧Ss_,,6
45002D,{茧S؏钬,,6
45002E,{茧SVx,,6
45002F,{茧SėǑ,,6
45003,{茧PnS,,6
45003A,{茧PnS܃,,6
45003B,{茧PnS䒬,,6
45003C,{茧PnSVe,,6
45004,{茧S,,6
45004A,{茧S,,6
45004B,{茧S{ؑ   *06/3,,6
45004C,{茧SK   *10/3,,6
45005,{茧PnS,,6
45005A,{茧PnS싽  *05/12,,6
45005B,{茧PnS쒬,,6
45005C,{茧PnSkY   *06/2,,6
45005D,{茧PnSk   *06/2,,6
45005E,{茧PnSk쒬   *07/3,,6
45005F,{茧PnSk  *05/12,,6
45005G,{茧PnS  *05/12,,6
45005H,{茧PnSŗt,,6
45005I,{茧PnS   *06/2,,6
45005J,{茧PnSˑ,,6
45005K,{茧PnS,,6
45006,{茧S,,6
45006A,{茧S,,6
45006B,{茧Sx,,6
45006C,{茧S  *05/12,,6
45007,{茧߉όS        *09/3,,6
45007A,{茧߉όSk  *09/3,,6
45007B,{茧߉όS싽  *09/3,,6
45008,{茧{S          *10/3,,6
45008A,{茧{S    *10/3,,6
45008B,{茧{Sc쒬    *05/12,,6
45008C,{茧{Sy  *05/12,,6
4501,{茧{s,,6
4502,{茧ss,,6
4503,{茧s,,6
4504,{茧s,,6
4505,{茧юs,,6
4506,{茧s,,6
4507,{茧Ԏs,,6
4508,{茧ss,,6
4509,{茧т̎s,,6
46001,ǌS,,6
46001A,ǌS   *10/3,,6
46001B,ǌSI쒬   *05/3,,6
46001C,ǌSl  *05/11,,6
46001D,ǌSR  *05/11,,6
46001E,ǌSaӒ  *05/11,,6
46001F,ǌS쒬  *05/11,,6
46001G,ǌSg   *05/3,,6
46001H,ǌSǒ   *10/3,,6
46001I,ǌSؒ *10/3,,6
46001J,ǌS  *05/11,,6
46001K,ǌSq  *05/11,,6
46001L,ǌSN,,6
46002,ɍS        *08/10,,6
46002A,ɍSH  *08/10,,6
46003,oS,,6
46003A,oS쒬 *06/3,,6
46003B,oSc   *06/3,,6
46003C,oS     *06/3,,6
46003D,oS,,6
46004,KhS        *07/11,,6
46004A,KhSJ  *05/12,,6
46004B,KhS  *04/10,,6
46004C,KhSo  *07/11,,6
46004D,KhSR쒬  *05/12,,6
46005,哇S,,6
46005A,哇Sm,,6
46005B,哇S^_,,6
46005C,哇Sa,,6
46005D,哇SV钬,,6
46005E,哇Sɐ咬,,6
46005F,哇SF,,6
46005G,哇S}   *06/3,,6
46005H,哇SE,,6
46005I,哇SZp   *06/3,,6
46005J,哇S˓,,6
46005K,哇S,,6
46005L,哇SV,,6
46005M,哇Sa,,6
46006,S,,6
46006A,S *04/10,,6
46006B,SO,,6
46006C,Sgc *04/10,,6
46006D,S\,,6
46007,ӌS        *07/11,,6
46007A,ӌS}  *05/11,,6
46007B,ӌSY  *05/11,,6
46007C,ӌSӒ  *07/11,,6
46007D,ӌSm  *07/11,,6
46007E,ӌSVÒ  *05/11,,6
46008,̑S,,6
46008A,̑Sᕽ  *05/12,,6
46008B,̑S卪蒬 *05/3,,6
46008C,̑Sǒ  *05/12,,6
46008D,̑S   *05/3,,6
46008E,̑Sc㒬   *05/3,,6
46008F,̑S蒬   *05/3,,6
46008G,̑Sǒ,,6
46008H,̑SVY *05/6,,6
46008I,̑SR   *05/6,,6
46008J,̑Sэ],,6
46008K,̑S,,6
46008L,̑S̕t,,6
46009,FьS,,6
46009A,FьSq,,6
46009B,FьS㉮v *07/9,,6
46009C,FьSq,,6
46009D,FьSv   *07/9,,6
46009E,FьSv,,6
4601,s,,6
46010,FS,,6
46010A,FS  *04/10,,6
46010B,FS  *04/10,,6
46010C,FSV@*04/10,,6
46010D,FS    *04/10,,6
46010E,FSߓc   *05/3,,6
46010F,FS  *04/10,,6
46010G,FS㍙  *04/10,,6
46010H,FSF   *05/3,,6
46010I,FS  *04/10,,6
46010J,FSe  *04/10,,6
46010K,FS{V钬 *05/3,,6
46010L,FSܒ,,6
46011,]S,,6
46011A,]S   *05/6,,6
46011B,]SR  *05/12,,6
46011C,]SL  *05/12,,6
46011D,]S蒬,,6
46011E,]S   *05/6,,6
46011F,]SPk  *05/12,,6
46011G,]Suzu *05/12,,6
46011H,]Sg   *05/6,,6
46012,uS        *05/11,,6
46012A,uSs  *05/10,,6
46012B,uSSR  *04/10,,6
46012C,uS  *04/10,,6
46012D,uSɏW@ *05/4,,6
46012E,uS  *05/11,,6
46012F,uSs *05/4,,6
46012G,uSg   *05/4,,6
46012H,uS㒬   *05/4,,6
4602,s        *04/10,,6
4603,s,,6
4604,s,,6
4605,ؖs      *05/10,,6
4606,vs,,6
4607,os,,6
4608,s         *06/3,,6
4609,s        *08/10,,6
4610,whs,,6
4611,cs      *05/11,,6
4612,s        *05/11,,6
4613,JRs         *67/4,,6
4614,V\s,,6
4615,s,,6
4616,Fs,,6
4617,us,,6
4618,]s,,6
4619,s,,6
4620,ؖs,,6
4621,삳܎s,,6
4622,uzus,,6
4623,s,,6
4624,Bs,,6
4625,ɍs,,6
4626,ǎs,,6
47001,ꌧS,,6
47001A,ꌧSɍ],,6
47001B,ꌧSX,,6
47001C,ꌧS[,,6
47001D,ꌧSX,,6
47001E,ꌧS,,6
47001F,ꌧSAm,,6
47001G,ꌧS,,6
47001H,ꌧS,,6
47001I,ꌧS{,,6
47002,ꌧKS,,6
47002A,ꌧKS,,6
47002B,ꌧKSɐ,,6
47002C,ꌧKSɕ,,6
47002D,ꌧKS嗢    *05/12,,6
47002E,ꌧKSk哌,,6
47002F,ꌧKSu  *05/12,,6
47002G,ꌧKS  *05/12,,6
47002H,ꌧKS~    *05/12,,6
47002I,ꌧKSʏ鑺    *05/12,,6
47002J,ꌧKSmO    *05/12,,6
47002K,ꌧKSnÕ~,,6
47002L,ꌧKSn쑺,,6
47002M,ꌧKSL鑺   *02/3,,6
47002N,ꌧKS앗,,6
47002O,ꌧKS哌,,6
47002P,ꌧKS^ߌ,,6
47002Q,ꌧKSu쑺   *02/3,,6
47002R,ꌧKSԖ,,6
47002S,ꌧKS     *02/3,,6
47002T,ꌧKSvē,,6
47002U,ꌧKSd,,6
47003,ꌧS,,6
47003A,ꌧSA     *05/3,,6
47003B,ꌧSÎ[,,6
47003C,ꌧSk鑺,,6
47003D,ꌧSkJ,,6
47003E,ꌧS鑺,,6
47003F,ꌧS,,6
47003G,ꌧSǒJ,,6
47003H,ꌧS^ߏ钬   *05/3,,6
47004,ꌧ{ÌS,,6
47004A,ꌧ{ÌSɗǕ   *05/9,,6
47004B,ꌧ{ÌS쑺     *05/9,,6
47004C,ꌧ{ÌSӒ     *05/9,,6
47004D,ꌧ{ÌSn     *05/9,,6
47004E,ꌧ{ÌSǊԑ,,6
47005,ꌧdRS,,6
47005A,ꌧdRS^ߍ,,6
47005B,ꌧdRS|x,,6
4701,ꌧߔes,,6
4702,ꌧΐs           *05/3,,6
4703,ꌧǎs           *05/9,,6
4704,ꌧΊ_s,,6
4705,ꌧRUs           *74/3,,6
4706,ꌧXps,,6
4707,ꌧus         *05/3,,6
4708,ꌧs,,6
4709,ꌧYYs,,6
4710,ꌧs,,6
4711,ꌧs,,6
4712,ꌧLs,,6
4713,ꌧ܎s,,6
4714,ꌧ{Ós,,6
4715,ꌧs,,6