Code,Name,
01101,,イ
01102,k,
01103,,Ђ
01104,΋,낢
01105,L,ƂЂ炭
01106,,݂Ȃ݂
01107,,ɂ
01108,ʋ,ׂ
01109,,Ă˂
01110,c,悽
04101,t,΂
04102,{,݂€̂
04103,ы,킩΂₵
04104,,͂
04105,,݂
11101,,ɂ
11102,k,
11103,{,݂₭
11104,,݂ʂ܂
11105,,イ
11106,,炭
11107,Ya,킭
11108,,݂Ȃ݂
11109,΋,݂ǂ肭
11110,΋,
12101,,イ
12102,Ԍ,͂Ȃ݂킭
12103,ы,Ȃ
12104,t,킩΂
12105,΋,݂ǂ肭
12106,l,݂͂܂
14101,ߌ,݂
14102,_ސ,Ȃ킭
14103,,ɂ
14104,,Ȃ
14105,,݂Ȃ݂
14106,ۓyPJ,قǂ₭
14107,q,
14108,,Ȃ킭
14109,`k,ق
14110,˒ˋ,Ƃ
14111,`,Ȃ
14112,,Ђ
14113,΋,݂ǂ肭
14114,J,₭
14115,h,
14116,,݂
14117,t,΂
14118,s},Â
14131,,킳
14132,K,킢
14133,,Ȃ͂炭
14134,Ë,
14135,,܂
14136,{O,݂܂
14137,,
14151,΋,݂ǂ肭
14152,,イ
14153,,݂Ȃ݂
15100,Vs,
15101,Vsk,
15102,Vs,Ђ
15103,Vs,イ
15104,Vs],Ȃ
15105,VsHt,͂
15106,Vs,݂Ȃ݂
15107,Vs,ɂ
15108,Vs,ɂ
22101,,
22102,x͋,邪
22103,,݂
22131,,Ȃ
22132,,Ђ
22133,,ɂ
22134,,݂Ȃ݂
22135,k,
22136,lk,͂܂
22137,V,Ăイ
23101,,
23102,,Ђ
23103,k,
23104,,ɂ
23105,,Ȃނ炭
23106,,Ȃ
23107,a,傤킭
23108,,݂ق
23109,Mc,
23110,,Ȃ킭
23111,`,݂ȂƂ
23112,,݂Ȃ݂
23113,R,܂
23114,΋,݂ǂ肭
23115,,߂Ƃ
23116,V,Ăς
26101,k,
26102,㋞,݂傤
26103,,傤
26104,,Ȃ傤
26105,R,Ђ܂
26106,,傤
26107,,݂Ȃ݂
26108,E,傤
26109,,ӂ݂
26110,Rȋ,܂Ȃ
26111,,ɂ傤
27102,s,݂₱܂
27103,,ӂ܂
27104,ԋ,̂͂Ȃ
27106,,ɂ
27107,`,݂ȂƂ
27108,吳,傤
27109,V,Ă̂
27111,Q,Ȃɂ킭
27113,,ɂǂ킭
27114,,Ђǂ킭
27115,,ЂȂ肭
27116,,̂
27117,,Ђ
27118,铌,傤Ƃ
27119,{,ׂ̂
27120,Zg,݂悵
27121,Zg,Ђ݂悵
27122,,ɂȂ肭
27123,,ǂ킭
27124,ߌ,݂
27125,ZV],݂̂
27126,,Ђ̂
27127,k,
27128,,イ
27141,,
27142,,Ȃ
27143,,Ђ
27144,,ɂ
27145,,݂Ȃ݂
27146,k,
27147,,݂͂炭
28101,,ЂȂ
28102,,Ȃ
28105,ɋ,Ђ傤
28106,c,Ȃ
28107,{,܂
28108,,݂
28109,k,
28110,,イ
28111,,ɂ
33101,k,
33102,,Ȃ
33103,,Ђ
33104,,݂Ȃ݂
34101,,Ȃ
34102,,Ђ
34103,,݂Ȃ݂
34104,,ɂ
34105,,݂Ȃ݂
34106,k,
34107,|,
34108,,
40101,i,
40103,ᏼ,킩܂
40105,˔,Ƃ΂
40106,qk,炫
40107,q,݂Ȃ݂
40108,,͂Ђ
40109,,͂ɂ
40131,,Ђ
40132,,͂
40133,,イ
40134,,݂Ȃ݂
40135,,ɂ
40136,,傤Ȃ
40137,ǋ,炭
43101,,イ
43102,,Ђ
43103,,ɂ
43104,,݂Ȃ݂
43105,k,
01100,Dys,ۂ낵
01202,َs,͂Ă
01203,Ms,邵
01204,s,Ђ킵
01205,s,ނ
01206,Hs,낵
01207,эLs,тЂ낵
01208,ks,݂
01209,[s,䂤΂肵
01210,〈s,݂킵
01211,ԑs,΂肵
01212,Gs,
01213,Ϗqs,Ƃ܂܂
01214,ts,Ȃ
01215,Ss,т΂
01216,ʎs,ׂ
01217,]ʎs,ׂ
01218,ԕs,т炵
01219,ʎs,ׂ
01220,mʎs,ׂ
01221,s,Ȃ낵
01222,O}s,݂
01223,s,˂ނ낵
01224,Ύs,Ƃ
01225,s,킵
01226,s,Ȃ킵
01227,̎us,Ȃ
01228,[s,ӂ킵
01229,xǖs,ӂ̂
01230,oʎs,̂ڂׂ
01231,bs,ɂ킵
01233,ɒBs,Ă
01234,kLs,Ђ낵܂
01235,Ύs,肵
01236,kls,قƂ
01303,ʒ,Ƃׂ傤
01304,VÑ,񂵂̂ނ
01331,O,܂܂傤
01332,,ӂ܂傤
01333,m,肤傤
01334,،Ó,Ȃ傤
01337,ђ,ȂȂ傤
01343,,ׂ傤
01345,X,܂
01346,_,₭傤
01347,,܂ׂ傤
01361,],傤
01362,m,݂̂ɂ傤
01363,򕔒,Ԃ傤
01364,,Ƃׂ傤
01367,K,肿傤
01370,,܂˂傤
01371,Ȓ,Ȃ傤
01391,q,܂܂ނ
01392,s,傤
01393,,܂Ȃ傤
01394,z,񂱂傤
01395,jZR,ɂ傤
01396,^둺,܂ނ
01397,s,邷ނ
01398,Εʒ,ׂ傤
01399,ɒ,傤傤
01400,m,񂿂傤
01401,a,傤킿傤
01402,,Ȃ傤
01403,,Ƃ܂ނ
01404,_b,Ȃނ
01405,ϒO,Ⴑ񂿂傤
01406,Õ,ӂт炿傤
01407,mؒ,ɂ傤
01408,]s,悢傤
01409,Ԉ쑺,ނ
01423,y,Ȃۂ낿傤
01424,ވ],Ȃ傤
01425,㍻쒬,݂Ȃ킿傤
01427,Rm,ɂ傤
01428,,Ȃʂ܂傤
01429,IR,܂傤
01430,`,傤
01431,YP,炤傤
01432,V\Ð쒬,Ƃ킿傤
01433,w,傤
01434,ʒ,Ղׂ傤
01436,J,イ傤
01437,k,قイ傤
01438,c,ʂ܂傤
01452,鐲,傤
01453,_y,Ђ炿傤
01454,,Ƃ܂傤
01455,z,҂Ղ傤
01456,ʒ,ׂ傤
01457,쒬,݂킿傤
01458,쒬,Ђ킿傤
01459,l,т傤
01460,xǖ쒬,݂ӂ̂傤
01461,xǖ쒬,Ȃӂ̂傤
01462,xǖ쒬,݂Ȃ݂ӂ̂傤
01463,芥,ނՂނ
01464,a,ނ傤
01465,,Ԃ傤
01468,쒬,킿傤
01469,[,тӂ傤
01470,Ўq{,Ƃ˂Ղނ
01471,쒬,Ȃ킿傤
01472,y,ق납Ȃ傤
01481,ђ,܂傤
01482,,т炿傤
01483,ϑO,Ƃ܂܂傤
01484,Hy,͂ڂ낿傤
01485,Rʑ,傳ׂނ
01486,ʒ,ׂ傤
01487,V,Ă傤
01511,,ӂނ
01512,lڕʒ,͂܂Ƃׂ傤
01513,ڕʒ,ȂƂׂ傤
01514,}K,傤
01516,Lx,ƂƂ݂傤
01517,當,Ԃ񂿂傤
01518,K,肵肿傤
01519,Kxm,肵ӂ傤
01520,y,قׂ̂傤
01543,y,тق낿傤
01544,Õʒ,ׂ傤
01545,Η,肿傤
01546,,悳Ƃ傤
01547,,݂傤
01549,Pq{,˂Ղ傤
01550,u˒,Ƃ傤
01552,CԒ,܂傤
01555,y,񂪂邿傤
01559,Nʒ,䂤ׂ傤
01560,㒬,̂傤
01561,,؂傤
01562,,ɂ؂ނ
01563,Y,ނ傤
01564,,炿傤
01571,LY,Ƃ悤炿傤
01575,s˒,ׂ傤
01578,V,炨傤
01581,^,܂傤
01584,Β,Ƃ₱傤
01585,,т炿傤
01586,ނ풬,ނ킿傤
01601,,Ђ傤
01602,撬,тƂ肿傤
01604,V,ɂՂ傤
01607,Y͒,炩킿傤
01608,l,܂ɂ傤
01609,,傤
01610,VЂ,Ђ傤
01631,X,Ƃӂ傤
01632,my,ق낿傤
01633,my,݂ق낿傤
01634,ǒ,傤
01635,V,Ƃ傤
01636,,݂傤
01637,莺,߂ނ낿傤
01638,D,ȂȂނ
01639,Xʑ,ׂނ
01641,,傤
01642,L,Ђ남傤
01643,ʒ,܂ׂ傤
01644,rc,傤
01645,L,Ƃ悱낿傤
01646,{ʒ,قׂ傤
01647,,낿傤
01648,ʒ,肭ׂ傤
01649,Yy,ق낿傤
01661,H,낿傤
01662,ݒ,傤
01663,l,͂܂Ȃ傤
01664,W,ׂႿ傤
01665,q,Ă傤
01667,ߋ,邢ނ
01668,f,ʂ傤
01691,ʊC,ׂ傤
01692,WÒ,Ȃׂ傤
01693,WÒ,ׂ傤
01694,P,炤傤
02201,Xs,肵
02202,OOs,Ђ낳
02203,ˎs,͂̂ւ
02204,Ύs,낢
02205,܏쌴s,傪炵
02206,\acs,Ƃ킾
02207,Os,݂킵
02208,ނs,ނ
02209,s,邵
02210,s,Ђ炩킵
02301,,ЂȂ܂
02303,ʒ,܂ׂ܂
02304,Hc,ނ
02307,Ol,Ƃ͂܂܂
02321,˃,܂
02323,[Y,ӂ܂
02343,ډ,ɂ߂ނ
02361,蒬,ӂ܂
02362,k,ɂ܂
02367,cɊّ,ȂĂނ
02381,,Ȃ܂
02384,ߓc,邽܂
02387,,Ȃǂ܂܂
02401,Ӓn,̂ւ܂
02402,˒,̂ւ܂
02405,Z˒,낭̂ւ܂
02406,l,悱͂܂܂
02408,k,Ƃق܂
02411,Z,ނ
02412,点,点傤
02423,Ԓ,܂܂
02424,ʑ,Ђǂނ
02425,ԉY,܂ނ
02426,䑺,ނ
02441,O˒,̂ւ܂
02442,܌˒,̂ւ܂
02443,cq,܂
02445,암,ȂԂ傤
02446,K㒬,݂͂傤
02450,V,񂲂ނ
03201,s,肨
03202,{Îs,݂₱
03203,Dns,ӂȂƂ
03205,Ԋs,͂Ȃ܂
03206,ks,݂
03207,vs,
03208,s,Ƃ̂
03209,֎s,̂
03210,Ocs,肭񂽂
03211,Ύs,܂
03213,ˎs,ɂ̂ւ
03214,s,͂܂񂽂
03215,Bs,イ
03216,s,킵
03301,Β,傤
03302,,܂܂
03303,蒬,Ă܂
03321,g,킿傤
03322,В,͂΂傤
03366,a꒬,ɂ킪܂
03381,P蒬,˂傤
03402,,Ђ炢݂傤
03441,Zc,݂傤
03461,ƒ,傤
03482,Rc,܂܂
03483,,킢݂傤
03484,c씨,̂͂ނ
03485,㑺,ӂނ
03501,yĒ,܂܂
03503,c,̂ނ
03506,ˑ,̂ւނ
03507,m쒬,Ђ̂傤
03524,˒,̂ւ܂
04100,s,񂾂
04202,Ίs,̂܂
04203,}s,܂
04205,Cs,ʂ܂
04206,Ύs,낢
04207,s,ȂƂ肵
04208,pcs,
04209,s,傤
04211,s,ʂ܂
04212,oĎs,Ƃ߂
04213,Is,͂炵
04214,s,Ђ܂܂
04215,s,
04216,xJs,Ƃ݂₵
04301,,܂
04302,h,キ܂
04321,͌,܂
04322,c,ނ炽܂
04323,ēc,΂܂
04324,蒬,킳܂
04341,ېX,܂܂
04361,j,킽肿傤
04362,R,܂Ƃ傤
04401,,܂܂܂
04404,l,͂܂܂
04406,{,ӂ傤
04421,a,킿傤
04422,勽,Ƃ傤
04424,t,Ђނ
04444,F,܂傤
04445,,݂܂
04501,OJ,킭₿傤
04505,,݂Ƃ܂
04581,쒬,Ȃ킿傤
04606,O,݂Ȃ݂肭傤
05201,Hcs,
05202,\s,̂낵
05203,s,悱Ă
05204,َs,Ă
05206,js,
05207,s,䂴킵
05209,ps,Â̂
05210,R{s,ق񂶂傤
05211,s,݂
05212,s,
05213,kHcs,
05214,ɂَs,ɂق
05215,ks,ڂ
05303,⒬,܂
05327,㏬m,݂ɂނ
05346,,ӂƂ܂
05348,O풬,݂˂傤
05349,,͂ۂ傤
05361,܏ڒ,傤߂܂
05363,Y,͂낤܂
05366,쒬,܂
05368,劃,ނ
05434,,݂Ƃ傤
05463,H㒬,܂
05464,,ЂȂ邹ނ
06201,R`s,܂
06202,đs,˂킵
06203,߉s,邨
06204,cs,
06205,Vs,񂶂傤
06206,͍]s,
06207,Rs,݂̂܂
06208,Rs,ނ܂
06209,s,Ȃ
06210,Vs,Ăǂ
06211,s,Ђ˂
06212,ԑs,΂Ȃ킵
06213,zs,Ȃ悤
06301,RӒ,܂ׂ̂܂
06302,R,Ȃ܂܂
06321,͖k,ق傤
06322,쒬,ɂ܂
06323,,Ђ܂
06324,],܂
06341,Γc,܂
06361,R,˂܂܂
06362,ŏ㒬,݂܂
06363,M`,ӂȂ܂
06364,^쒬,܂ނ낪܂
06365,呠,ނ
06366,쑺,ނ
06367,ˑ,Ƃނ
06381,,͂܂
06382,쐼,ɂ܂
06401,,ɂ܂
06402,钬,炽܂
06403,іL,ł܂
06426,O쒬,݂܂
06428,,悤Ȃ܂
06461,V,䂴܂
07201,s,ӂ܂
07202,Îᏼs,Â킩܂
07203,SRs,܂
07204,킫s,킫
07205,͎s,炩킵
07207,{s,킵
07208,쑽s,
07209,ns,܂
07210,{s,ɂق܂
07211,cs,ނ炵
07212,쑊ns,݂Ȃ݂܂
07213,ɒBs,Ă
07214,{{s,Ƃ݂₵
07301,Kܒ,܂
07303,,ɂ݂܂
07308,얓,܂܂
07322,ʑ,܂ނ
07342,Β,݂܂
07344,Vh,Ă񂦂ނ
07362,,܂
07364,w},Ђ̂܂ނ
07367,,݂܂
07368,Ò,݂Ȃ݂Â܂
07402,k,΂ނ
07405,Ò,ɂÂ܂
07407,֒,΂񂾂܂
07408,c㒬,Ȃ킵܂
07421,Í≺,Â΂񂰂܂
07422,쑺,䂪ނ
07423,Ò,ȂÂ܂
07444,O,݂܂܂
07445,R,˂܂܂
07446,a,傤ނ
07447,Ô,Â݂Ƃ܂
07461,,ɂނ
07464,葺,݂ނ
07465,,Ȃ܂ނ
07466,,Ԃ܂
07481,Iq,Ȃ܂
07482,Ւ,܂܂
07483,,͂Ȃ܂
07484,L쑺,߂ނ
07501,ΐ쒬,܂
07502,ʐ쑺,܂ނ
07503,c,Ђ炽ނ
07504,쒬,܂
07505,Óa,ӂǂ̂܂
07521,Ot,݂͂܂
07522,쒬,̂܂
07541,L쒬,Ђ̂܂
07542,t,Ȃ͂܂
07543,x,Ƃ݂܂
07544,,키ނ
07545,F,܂܂
07546,ot,ӂ΂܂
07547,Q],Ȃ݂܂
07548,,炨ނ
07561,Vn,񂿂܂
07564,ъڑ,Ăނ
08201,ˎs,݂Ƃ
08202,s,Ђ
08203,yYs,炵
08204,É͎s,
08205,Ήs,
08207,s,䂤
08208,Ps,イ
08210,Ȏs,܂
08211,푍s,傤
08212,헤cs,Ђ
08214,s,͂
08215,ks,΂炫
08216,}Ԏs,܂
08217,s,Ƃł
08219,vs,
08220,Ύs,΂
08221,ЂȂs,ЂȂ
08222,s,܂
08223,s,
08224,Js,₵
08225,헤{s,Ђ݂₵
08226,߉ώs,Ȃ
08227,}s,
08228,Ⓦs,΂ǂ
08229,~s,Ȃ
08230,݂s,݂炵
08231,s,炪킵
08232,_s,݂
08233,ss,Ȃ߂
08234,gcs,ق
08235,΂݂炢s,΂݂炢
08236,ʎs,݂܂
08302,钬,΂炫܂
08309,,炢܂
08310,闢,낳Ƃ܂
08341,C,Ƃނ
08364,q,܂
08442,Y,݂قނ
08443,,݂܂
08447,͓,킿܂
08521,㒬,₿܂
08542,܉,܂
08546,,܂
08564,,Ƃ˂܂
09201,Fs{s,݂̂₵
09202,s,
09203,Ȗ؎s,Ƃ
09204,s,̂
09205,s,ʂ܂
09206,s,ɂ
09208,Rs,܂
09209,^s,
09210,cs,炵
09211,s,₢
09213,ߐ{s,Ȃ΂炵
09214,s,炵
09215,ߐ{GRs,Ȃ炷܂
09216,s,
09301,O쒬,݂̂܂
09342,vq,܂܂
09343,Ζؒ,Ă܂
09344,sL,܂
09345,F꒬,͂܂
09361,p,݂Ԃ܂
09364,ؒ,̂܂
09384,J,܂
09386,,˂܂
09407,ߐ{,Ȃ܂
09411,߉ϐ쒬,Ȃ܂
10201,Os,܂΂
10202,s,
10203,ːs,イ
10204,ɐs,
10205,cs,
10206,cs,ʂ܂
10207,ٗюs,Ă΂₵
10208,as,Ԃ킵
10209,s,ӂ
10210,xs,Ƃ݂
10211,s,Ȃ
10212,݂ǂs,݂ǂ肵
10344,Y,Ƃނ
10345,g,悵܂
10366,쑺,̂ނ
10367,_,Ȃ܂
10382,mc,ɂ܂
10383,q,Ȃނ
10384,Êy,܂
10421,V,Ȃ̂悤܂
10424,쌴,Ȃ̂͂܂
10425,ڗ,܂ނ
10426,Ò,܂
10428,R,܂ނ
10429,Ȓ,Ђ܂܂
10443,Еi,Ȃނ
10444,ꑺ,΂ނ
10448,a,傤ނ
10449,݂Ȃݒ,݂Ȃ݂܂
10464,ʑ,܂ނ܂
10521,q,܂
10522,a,߂܂
10523,c,悾܂
10524,,݂܂
10525,Wy,܂
11100,܎s,܂
11201,zs,킲
11202,FJs,܂₵
11203,s,킮
11206,scs,悤
11207,s,Ԃ
11208,s,Ƃ내킵
11209,є\s,͂̂
11210,{s,
11211,{s,ق񂶂悤
11212,Rs,Ђ܂܂
11214,ts,ׂ
11215,Rs,܂
11216,Hs,͂ɂ䂤
11217,s,̂
11218,[Js,ӂ₵
11219,s,
11221,s,
11222,zJs,₵
11223,ns,т
11224,˓cs,Ƃ
11225,Ԏs,܂
11227,s,
11228,u؎s,
11229,as,킱
11230,Vs,ɂ
11231,s,킵
11232,vs,
11233,k{s,Ƃ
11234,s,₵
11235,xms,ӂ݂
11237,Os,݂Ƃ
11238,@cs,͂
11239,ˎs,ǂ
11240,Ks,Ă
11241,߃s,邪܂
11242,s,Ђ
11243,gs,悵킵
11245,ӂݖs,ӂ݂̂
11246,s,炨
11301,ɓޒ,Ȃ܂
11324,OF,݂悵܂
11326,јCR,܂܂
11327,z,܂
11341,쒬,Ȃ߂܂
11342,R,񂴂܂
11343,쒬,܂
11346,쓇,킶܂܂
11347,g,悵݂܂
11348,R,͂Ƃ܂܂
11349,Ƃ풬,Ƃ܂
11361,,悱܂
11362,F쒬,݂Ȃ̂܂
11363,Ғ,ȂƂ܂
11365,쒬,̂܂
11369,,ЂԂނ
11381,,݂Ƃ܂
11383,_쒬,݂܂
11385,㗢,݂Ƃ܂
11408,񋏒,肢܂
11442,{㒬,݂₵܂
11464,˒,Ƃ܂
11465,,܂Ԃ܂
12100,ts,΂
12202,qs,傤
12203,ss,킵
12204,Ds,ӂȂ΂
12205,َRs,Ă܂
12206,؍XÎs,Â
12207,ˎs,܂ǂ
12208,cs,̂
12210,Όs,΂炵
12211,cs,Ȃ肽
12212,qs,炵
12213,s,Ƃ˂
12215,s,Ђ
12216,Kus,Ȃ炵̂
12217,s,킵
12218,Ys,炵
12219,ss,͂炵
12220,Rs,Ȃ܂
12221,s,₿悵
12222,䑷qs,т
12223,s,킵
12224,PJs,܂₵
12225,NÎs,݂
12226,xÎs,ӂ
12227,Ys,₷
12228,lXs,ǂ
12229,PYs,ł炵
12230,Xs,₿܂
12231,󐼎s,񂴂
12232,s,낢
12233,xs,Ƃ݂Ƃ
12234,[s,݂Ȃ݂ڂ
12235,xs,
12236,s,Ƃ肵
12237,Rs,ނ
12238,ݎs,݂
12239,Ԕs,݂炳Ƃ
12322,X䒬,܂
12329,h,܂
12342,_蒬,܂
12347,Ò,܂
12349,,Ƃ̂傤܂
12403,\㗢,䂤܂
12409,ŎR,΂܂܂
12410,Ō,悱΂Ђ܂
12421,{,݂̂܂
12422,r,ނ܂
12423,,傤ނ
12424,q,炱܂
12426,,Ȃ܂
12427,쒬,傤Ȃ܂
12441,命쒬,܂
12443,h,񂶂䂭܂
12463,쒬,Ȃ܂
13101,c,悾
13102,,イ
13103,`,݂ȂƂ
13104,Vh,񂶂キ
13105,,Ԃ񂫂傤
13106,䓌,Ƃ
13107,nc,݂
13108,],Ƃ
13109,i,Ȃ킭
13110,ڍ,߂낭
13111,c,
13112,cJ,₭
13113,aJ,Ԃ₭
13114,,Ȃ̂
13115,,Ȃ݂
13116,L,Ƃ܂
13117,k,
13118,r,炩킭
13119,,΂
13120,n,˂܂
13121,,
13122,,
13123,]ː,ǂ킭
13201,qs,͂
13202,s,킵
13203,s,ނ̂
13204,Os,݂
13205,~s,߂
13206,{s,ӂイ
13207,s,܂
13208,zs,傤ӂ
13209,cs,܂
13210,s,˂
13211,s,炵
13212,s,Ђ̂
13213,Rs,Ђނ܂
13214,s,Ԃ񂶂
13215,s,ɂ
13218,s,ӂ
13219,]s,܂
13220,as,Ђ܂Ƃ
13221,s,悹
13222,vĎs,Ђ߂
13223,Rs,ނނ܂
13224,s,܂
13225,s,Ȃ
13227,Hs,͂ނ炵
13228,s,̂
13229,s,ɂƂ傤
13303,䒬,݂ق܂
13305,̏o,Ђ̂ł܂
13307,w,Ђ̂͂ނ
13308,,܂܂
13361,哇,܂܂
13362,,Ƃ܂ނ
13363,V,ɂ܂ނ
13364,_Ó,Â܂ނ
13381,O,݂₯ނ
13382,䑠,݂炶܂ނ
13401,䒬,͂傤܂
13402,,܂ނ
13421,},ނ
14100,ls,悱͂܂
14130,s,킳
14150,͌s,݂͂炵
14201,{s,悱
14203,ˎs,Ђ
14204,qs,܂炵
14205,s,ӂ킵
14206,cs,炵
14207,s,
14208,qs,
14210,OYs,݂炵
14211,`s,͂̂
14212,؎s,
14213,as,܂Ƃ
14214,ɐs,͂炵
14215,CVs,тȂ
14216,Ԏs,܂
14217,쑫s,݂Ȃ݂炵
14218,s,₹
14301,tR,͂܂܂
14321,쒬,ނ܂
14341,钬,܂
14342,{,ɂ݂̂܂
14361,䒬,Ȃ܂
14362,䒬,܂
14363,c,܂܂
14364,Rk,܂܂
14366,J,܂
14382,,͂˂܂
14383,^ߒ,܂Ȃ܂
14384,͌,䂪܂
14401,쒬,܂
14402,쑺,悩ނ
15100,Vs,ɂ
15202,s,Ȃ
15204,Os,񂶂傤
15205,s,킴
15206,Vcs,΂
15208,Js,₵
15209,Ύs,
15210,\s,Ƃ܂
15211,s,݂
15212,s,ނ炩݂
15213,s,΂߂
15216,s,Ƃ킵
15217,s,݂傤
15218,ܐs,
15222,zs,傤
15223,s,̂
15224,ns,ǂ
15225,s,ʂ܂
15226,싛s,݂Ȃ݂ʂ܂
15227,ٓs,Ȃ
15307,Ē,낤܂
15342,F,Ђނ
15361,c㒬,݂܂
15385,꒬,܂
15405,o_蒬,܂
15461,,䂴܂
15482,Ó쒬,Ȃ܂
15504,H,ނ
15581,֐쑺,ނ
15586,Y,킵܂ނ
16201,xRs,Ƃ܂
16202,s,
16204,Îs,Â
16205,Xs,Ђ݂
16206,s,Ȃ߂肩킵
16207,s,ׂ
16208,vgs,ƂȂ݂
16209,s,ׂ
16210,vs,ȂƂ
16211,ːs,݂
16321,M,ӂȂ͂ނ
16322,s,݂܂
16323,R,Ă܂܂
16342,P,ɂイ܂
16343,,Ђ܂
17201,s,Ȃ킵
17202,s,ȂȂ
17203,s,܂
17204,֓s,킶܂
17205,Fs,
17206,s,
17207,Hs,͂
17209,قs,ق
17210,Rs,͂
17211,\s,݂̂
17212,Xss,̂̂
17324,k,킫܂
17361,Ô,΂܂
17365,咬,Ȃ܂
17384,u꒬,܂
17386,Bu,ق݂傤
17407,\o,Ȃ̂Ƃ܂
17461,,Ȃ݂܂
17463,\o,̂Ƃ傤
18201,s,ӂ
18202,։s,邪
18204,ls,΂܂
18205,s,̂
18206,Rs,܂
18207,I]s,΂
18208,s,炵
18209,zOs,
18210,s,
18322,i,ւ傤
18382,rc,傤
18404,zO,݂Ȃ݂񂿂傤
18423,zO,񂿂傤
18442,l,݂͂܂傤
18481,l,͂܂傤
18483,,傤
18501,ዷ,킩傤
19201,b{s,ӂ
19202,xmgcs,ӂ悵
19204,ss,邵
19205,Rs,܂Ȃ
19206,匎s,
19207,Bs,ɂ炳
19208,AvXs,݂Ȃ݂Ղ
19209,kms,قƂ
19210,bs,
19211,Js,ӂӂ
19212,쌴s,̂͂炵
19213,bBs,イ
19214,s,イ
19346,sO,݂Ƃ傤
19364,쒬,͂₩킿傤
19365,g,݂̂Ԃ傤
19366,암,ȂԂ傤
19368,xm쒬,ӂ킿傤
19384,a,傤킿傤
19422,u,ǂނ
19423,j,ɂ炿傤
19424,E쑺,̂ނ
19425,RΑ,܂Ȃނ
19429,,Ȃ邳ނ
19430,xm͌Β,ӂ킮܂
19442,,ނ
19443,OgR,΂܂ނ
20201,s,Ȃ̂
20202,{s,܂Ƃ
20203,cs,
20204,Js,₵
20205,ѓcs,
20206,zKs,킵
20207,{s,
20208,s,낵
20209,ɓߎs,Ȃ
20210,s,܂˂
20211,s,Ȃ̂
20212,咬s,܂
20213,юRs,܂
20214,s,̂
20215,Ks,肵
20217,vs,
20218,Ȏs,܂
20219,s,Ƃ݂
20220,ܖs,Â݂̂
20303,C,݂܂
20304,㑺,킩݂ނ
20305,q,݂Ȃ݂܂ނ
20306,쑊ؑ,݂Ȃ݂ނ
20307,kؑ,ނ
20309,v䒬,ق܂
20321,y,邢܂
20323,c,݂悽܂
20324,Ȓ,ĂȂ܂
20349,ؑ,ނ
20350,a,Ȃ܂
20361,zK,܂
20362,xm,ӂ݂܂
20363,,͂ނ
20382,C쒬,̂܂
20383,֒,݂̂܂
20384,ѓ,܂܂
20385,얥֑,݂Ȃ݂݂̂ނ
20386,쑺,Ȃނ
20388,{c,݂₾ނ
20402,쒬,܂܂
20403,X,܂
20404,쒬,Ȃ񂿂傤
20407,q,ނ
20409,J,Ђނ
20410,H,˂΂ނ
20411,,傤ނ
20412,ؑ,邬ނ
20413,V,Ăイނ
20414,ו,₷ނ
20415,ؑ,ނ
20416,Lu,Ƃ您ނ
20417,厭,ނ
20422,㏼,܂܂
20423,ؑ],Ȃ܂
20425,ؑc,ނ
20429,ꑺ,ނ
20430,K,ނ
20432,ؑ],܂
20446,ё,݂ނ
20448,⑺,ނ
20450,R`,܂ނ
20451,,Ђނ
20452,}k,قނ
20481,rc,܂
20482,쑺,܂ނ
20485,n,͂΂ނ
20486,J,ނ
20521,钬,܂
20541,z{,Ԃ܂
20543,R,܂ނ
20561,Rm,܂̂܂
20562,ؓ,܂ނ
20563,򉷐,̂킨񂹂ނ
20583,MZ,Ȃ̂܂
20588,쑺,ނ
20590,эj,ÂȂ܂
20602,h,ނ
21201,򕌎s,ӂ
21202,_s,
21203,Rs,܂
21204,s,݂
21205,֎s,
21206,Ðs,Ȃ킵
21207,Zs,݂̂
21208,Qs,݂Ȃ݂
21209,Hs,͂܂
21210,bߎs,Ȃ
21211,ZΎs,݂̂
21212,ys,Ƃ
21213,es,݂͂炵
21214,s,ɂ
21215,Rs,܂
21216,s,݂ق
21217,ˎs,Ђ
21218,{s,Ƃ
21219,Ss,傤
21220,Cs,낵
21221,CÎs,Â
21302,쒬,Ȃ񂿂傤
21303,},܂傤
21341,{V,悤낤傤
21361,䒬,邢傤
21362,փP,͂炿傤
21381,_˒,ǂ傤
21382,֔V,̂傤
21383,,ς傤
21401,K쒬,т킿傤
21403,쒬,̂傤
21404,rc,傤
21421,k,傤
21501,j,ق傤
21502,x,Ƃ݂傤
21503,Ӓ,ׂ傤
21504,@,Ђ傤
21505,SÒ,₨傤
21506,쒬,炩킿傤
21507,쑺,Ђ炩ނ
21521,䐓,݂傤
21604,쑺,炩ނ
22100,És,
22130,ls,͂܂܂
22203,Îs,ʂ܂Â
22205,MCs,݂
22206,Os,݂܂
22207,xm{s,ӂ݂̂₵
22208,ɓs,Ƃ
22209,cs,܂
22210,xms,ӂ
22211,֓cs,킽
22212,ĒÎs,₢Â
22213,|s,킵
22214,}s,ӂ
22215,as,Ă΂
22216,܈s,ӂ낢
22219,cs,
22220,s,̂
22221,ΐs,
22222,ɓs,
22223,Os,܂
22224,es,킵
22225,ɓ̍s,̂ɂ
22226,qVs,܂̂͂炵
22301,ɓ,Ђ傤
22302,͒Ò,Â傤
22304,ɓ,݂Ȃ݂傤
22305,蒬,܂傤
22306,ɓ,ɂ傤
22325,쒬,Ȃ݂傤
22341,,݂傤
22342,,Ȃ݂傤
22344,R,܂傤
22424,gc,悵傤
22429,썪{,˂ق񂿂傤
22461,X,܂
23100,És,Ȃ₵
23201,Ls,Ƃ͂
23202,s,
23203,{s,݂̂₵
23204,ˎs,Ƃ
23205,cs,͂񂾂
23206,ts,
23207,Ls,Ƃ悩킵
23208,Ós,܂
23209,ɓs,ւȂ
23210,Js,₵
23211,Lcs,Ƃ悽
23212,s,񂶂傤
23213,s,ɂ
23214,Ss,܂肵
23215,Rs,ʂ܂
23216,튊s,ƂȂ߂
23217,]s,Ȃ
23219,qs,܂
23220,s,Ȃ킵
23221,Vs,񂵂낵
23222,Cs,Ƃ
23223,{s,Ԃ
23224,ms,
23225,ms,イ
23226,s,肠Ђ
23227,ls,͂܂
23228,qs,킭炵
23229,Ls,Ƃ悠
23230,is,ɂ
23231,cs,͂炵
23232,s,
23233,{s,悷
23234,kÉs,Ȃ₵
23235,xs,Ƃ݂
23236,݂悵s,݂悵
23237,܎s,܂
23238,vs,ȂĂ
23302,,Ƃ傤
23342,LR,Ƃ܂傤
23361,,傤
23362,}K,ӂ傤
23424,厡,͂邿傤
23425,I],ɂ傤
23427,򓇑,Ƃт܂ނ
23441,v䒬,傤
23442,Y,Ђ炿傤
23445,m,݂Ȃ݂傤
23446,l,݂͂܂傤
23447,L,Ƃ悿傤
23501,Kc,傤
23561,݊y,炿傤
23562,h,Ƃ傤
23563,L,Ƃ˂ނ
24201,Îs,
24202,lss,
24203,ɐs,
24204,s,܂
24205,Ks,Ȃ
24207,鎭s,
24208,s,Ȃ΂肵
24209,hs,킹
24210,TRs,߂܂
24211,Hs,Ƃ΂
24212,Fs,܂̂
24214,Ȃ׎s,Ȃׂ
24215,us,܂
24216,ɉs,
24303,ؑ],傤
24324,,Ƃ񂿂傤
24341,Ԗ쒬,̂傤
24343,,Ђ傤
24344,z,킲傤
24441,C,傤
24442,a,߂킿傤
24443,䒬,傤
24461,ʏ钬,܂傤
24470,x,킽炢傤
24471,I,傤
24472,ɐ,݂Ȃ݂傤
24543,Ik,ق傤
24561,l,݂͂܂傤
24562,I,ق傤
25201,Îs,
25202,Fs,Ђ˂
25203,ls,Ȃ͂܂
25204,ߍ]s,݂͂܂
25206,Îs,
25207,Rs,܂
25208,Is,Ƃ
25209,bs,
25210,Fs,₷
25211,Γs,Ȃ
25212,s,܂
25213,ߍ]s,Ђ݂
25214,Čs,܂΂炵
25383,쒬,Ђ̂傤
25384,,䂤傤
25425,,傤傤
25441,L,Ƃ悳Ƃ傤
25442,bǒ,炿傤
25443,꒬,傤
26100,ss,傤Ƃ
26201,mRs,ӂ܂
26202,ߎs,܂Â邵
26203,s,ׂ
26204,Fs,
26205,{Îs,݂Â
26206,Ts,߂
26207,zs,傤悤
26208,s,ނ
26209,s,Ȃ傤
26210,s,킽
26211,cӎs,傤Ȃׂ
26212,Os,傤񂲂
26213,Os,Ȃ񂽂
26214,ؒÐs,Â킵
26303,R蒬,܂傤
26322,vR,݂܂傤
26343,蒬,ł傤
26344,Fc,炿傤
26364,}u,傤
26365,a,Â傤
26366,ؒ,傤
26367,R鑺,݂Ȃ݂܂ނ
26407,Og,傤΂傤
26463,ɍ,˂傤
26465,^Ӗ쒬,悳̂傤
27100,s,
27140,s,
27202,ݘacs,킾
27203,Ls,ƂȂ
27204,rcs,
27205,cs,
27206,Îs,݂
27207,Ύs,
27208,Lˎs,Â
27209,s,肮
27210,s,Ђ炩
27211,؎s,΂炫
27212,s,₨
27213,򍲖s,݂̂
27214,xcюs,Ƃ񂾂΂₵
27215,Qs,˂₪킵
27216,͓s,킿Ȃ̂
27217,s,܂΂炵
27218,哌s,Ƃ
27219,as,݂
27220,ʎs,݂̂
27221,s,炵
27222,Hgs,͂т̂
27223,^s,ǂ܂
27224,ےÎs,
27225,Ύs,
27226,䎛s,ӂł炵
27227,s,Ђ
27228,s,Ȃ
27229,ls,悤ȂĂ
27230,s,̂
27231,㋷Rs,܂
27232,s,͂Ȃ
27301,{,܂Ƃ傤
27321,L\,Ƃ̂傤
27322,\,̂傤
27341,,傤
27361,F撬,܂Ƃ肿傤
27362,cK,肿傤
27366,,݂傤
27381,q,傤
27382,͓쒬,Ȃ񂿂傤
27383,瑁ԍ㑺,͂₠ނ
28100,_ˎs,ׂ
28201,PHs,Ђ߂
28202,s,܂
28203,Ύs,
28204,{s,ɂ݂̂₵
28205,F{s,Ƃ
28206,s,₵
28207,ɒOs,݂
28208,s,
28209,Ls,Ƃ您
28210,Ðs,킵
28212,ԕs,
28213,es,ɂ킫
28214,ˎs,Â
28215,O؎s,݂
28216,s,
28217,쐼s,ɂ
28218,s,̂
28219,Ocs,񂾂
28220,s,
28221,OgRs,΂܂
28222,{s,Ԃ
28223,Ogs,΂
28224,삠킶s,݂Ȃ݂킶
28225,s,
28226,WHs,킶
28227,s,
28228,s,Ƃ
28229,̎s,̂
28301,쒬,Ȃ킿傤
28365,,傤
28381,,Ȃ݂傤
28382,d,͂܂傤
28442,s쒬,킿傤
28443,蒬,ӂ傤
28446,_͒,݂킿傤
28464,q,傤
28481,S,݂肿傤
28501,p,悤傤
28585,,݂傤
28586,V,񂨂񂹂񂿂傤
29201,ޗǎs,Ȃ炵
29202,acs,܂Ƃ
29203,aSRs,܂Ƃ܂
29204,Vs,Ă肵
29205,s,͂炵
29206,s,炢
29207,ܞs,傤
29208,䏊s,
29209,s,܂
29210,Ŏs,΂
29211,s,炬
29212,FɎs,
29322,RY,܂ނ
29342,Q,ւ肿傤
29343,O,񂲂傤
29344,,邪傤
29345,g,ǂ傤
29361,쐼,ɂ傤
29362,O,݂₯傤
29363,c{,Ƃ傤
29385,],ɂނ
29386,,݂ނ
29401,撬,Ƃ肿傤
29402,,ނ
29424,q,܂傤
29425,,傤
29426,L˒,悤傤
29427,͍,킢傤
29441,g쒬,悵̂傤
29442,嗄,ǂ傤
29443,s,傤
29444,ꑺ,낽ނ
29446,V쑺,Ă񂩂ނ
29447,씗쑺,̂ނ
29449,\Ð쑺,Ƃނ
29450,kR,܂ނ
29451,kR,݂܂ނ
29452,㑺,킩݂ނ
29453,g쑺,Ђ悵̂ނ
30201,a̎Rs,킩܂
30202,Cs,Ȃ
30203,{s,͂Ƃ
30204,Lcs,肾
30205,Vs,ڂ
30206,cӎs,Ȃׂ
30207,V{s,񂮂
30208,I̐s,̂킵
30209,os,ł
30304,I쒬,݂̂傤
30341,炬,炬傤
30343,xR,ǂ܂傤
30344,쒬,₿傤
30361,,䂠傤
30362,L쒬,Ђ낪킿傤
30366,Lc쒬,肾킿傤
30381,l,݂͂܂傤
30382,,Ђ傤
30383,Rǒ,炿傤
30390,쒬,Ȃ݂傤
30391,݂Ȃג,݂Ȃׂ傤
30392,쒬,Ђ킿傤
30401,l,͂܂傤
30404,xc,݂Ƃ񂾂傤
30406,ݒ,݂傤
30421,ߒqY,Ȃ炿傤
30422,n,傤
30424,Í쒬,킿傤
30427,kR,܂ނ
30428,{,Ƃ傤
31201,s,ƂƂ肵
31202,Ďqs,Ȃ
31203,qgs,悵
31204,`s,݂ȂƂ
31302,,݂傤
31325,,킩傤
31328,q,Â傤
31329,,₸傤
31364,O,݂傤
31370,l,͂܂傤
31371,ՉY,Ƃ炿傤
31372,kh,ق傤
31384,gÑ,ЂÂ
31386,R,񂿂傤
31389,암,ȂԂ傤
31390,˒,ق傤
31401,쒬,ɂȂ񂿂傤
31402,쒬,Ђ̂傤
31403,]{,ӂ傤
32201,]s,܂
32202,lcs,͂܂
32203,o_s,
32204,vcs,܂
32205,cs,
32206,s,₷
32207,]Îs,
32209,_s,Ȃ
32343,o_,傤
32386,ѓ쒬,Ȃ񂿂傤
32441,{,Ƃ܂
32448,,݂Ƃ傤
32449,W쒬,Ȃ񂿂傤
32501,Øa쒬,̂傤
32505,g꒬,悵傤
32525,Cm,܂傤
32526,m,ɂ̂܂傤
32527,mv,Ԃނ
32528,B̓,̂܂傤
33100,Rs,܂
33202,q~s,炵
33203,ÎRs,܂
33204,ʖs,܂̂
33205,}s,
33207,䌴s,΂炵
33208,Ўs,₵
33209,s,͂
33210,Vs,ɂ݂
33211,Os,т
33212,˓s,Ƃ
33213,Ԕ֎s,킵
33214,^s,܂ɂ킵
33215,s,݂܂
33216,s,
33346,aC,킯傤
33423,,͂₵܂傤
33445,,Ƃ傤傤
33461,|,₩傤
33586,V,񂶂悤
33606,쒬,݂̂傤
33622,,傤傤
33623,ދ`,Ȃ傤
33643,q,ɂ킭炻
33663,vē쒬,߂Ȃ񂿂傤
33666,璬,݂傤
33681,g,тイ傤
34100,Ls,Ђ낵܂
34202,s,ꂵ
34203,|s,͂炵
34204,Os,݂͂炵
34205,s,݂̂
34207,Rs,ӂ܂
34208,{s,ӂイ
34209,Os,݂悵
34210,s,傤΂炵
34211,|s,
34212,Ls,ЂЂ낵܂
34213,ss,͂
34214,|cs,
34215,]cs,܂
34302,{,ӂイ傤
34304,Cc,傤
34307,F쒬,܂̂傤
34309,⒬,傤
34368,|c,傤
34369,kL,Ђ낵܂傤
34431,㓇,݂܂傤
34462,,炿傤
34545,_΍,񂹂񂿂傤
35201,֎s,̂
35202,Fs,ׂ
35203,Rs,܂
35204,s,͂
35206,h{s,قӂ
35207,s,܂
35208,⍑s,킭ɂ
35210,s,Ђ肵
35211,s,ȂƂ
35212,s,Ȃ
35213,Is,݂˂
35215,s,イȂ
35216,Rzcs,悤̂
35305,h哇,܂傤
35321,aؒ,킫傤
35341,֒,݂̂傤
35343,cz{,Ԃ傤
35344,,Ђ炨傤
35502,,Ԃ傤
36201,s,Ƃ܂
36202,s,ȂƂ
36203,s,܂܂
36204,s,Ȃ
36205,gs,悵̂킵
36206,gs,킵
36207,ns,݂܂
36208,ODs,݂悵
36301,Y,炿傤
36302,㏟,݂傤
36321,߉͓,Ȃ
36341,Έ䒬,傤
36342,_R,݂܂傤
36368,߉꒬,Ȃ傤
36383,,ނ傤
36387,g,݂Ȃ݂傤
36388,Cz,悤傤
36401,Β,܂傤
36402,k,܂傤
36403,Z,݂傤
36404,쒬,̂傤
36405,,݂傤
36468,邬,邬傤
36489,݂悵,Ђ݂悵傤
37201,s,܂
37202,ۋTs,܂邪߂
37203,os,ł
37204,Pʎs,
37205,ωs,񂨂񂶂
37206,ʂs,ʂ
37207,s,Ђ킵
37208,OLs,݂Ƃ悵
37322,y,Ƃ̂傤傤
37324,,傤ǂ܂傤
37341,Oؒ,݂傤
37364,,Ȃ܂傤
37386,FÒ,Â傤
37387,쒬,₪킿傤
37403,Օ,ƂЂ炿傤
37404,xÒ,ǂ傤
37406,܂̂,܂̂傤
38201,Rs,܂܂
38202,s,܂΂肵
38203,Fas,킶܂
38204,ls,킽͂܂
38205,Vls,ɂ͂܂
38206,s,傤
38207,Fs,
38210,ɗ\s,悵
38213,ls,イ
38214,\s,悵
38215,s,Ƃ
38356,㓇,݂܂傤
38386,v,܂񂿂傤
38401,O,܂傤
38402,u,Ƃׂ傤
38422,q,傤
38442,ɕ,傤
38484,쒬,܂̂傤
38488,Sk,ق傤
38506,쒬,Ȃ񂿂傤
39201,ms,
39202,ˎs,ނƂ
39203,|s,
39204,썑s,Ȃ񂱂
39205,ys,Ƃ
39206,{s,
39208,hюs,
39209,ys,Ƃ݂
39210,l\s,܂Ƃ
39211,s,Ȃ
39212,s,݂
39301,m,Ƃ悤傤
39302,ޔ,Ȃ͂肿傤
39303,c쒬,̂傤
39304,c,₷傤
39305,k쑺,ނ
39306,nH,܂ނ
39307,|,ނ
39341,{R,Ƃ܂傤
39344,L,Ƃ悿傤
39363,y,Ƃ傤
39364,쑺,ނ
39386,̒,̂傤
39387,m쒬,ɂǂ킿傤
39401,y,ȂƂ傤
39402,쒬,킿傤
39403,zm,傤
39405,,䂷͂炿傤
39410,,Ђނ
39411,Ö쒬,̂傤
39412,l\,܂Ƃ傤
39424,匎,傤
39427,O,݂͂ނ
39428,,낵傤
40100,kBs,イイ
40130,s,ӂ
40202,喴cs,ނ
40203,vĎs,߂
40204,s,̂
40205,ђˎs,Â
40206,cs,킵
40207,s,Ȃ킵
40210,s,߂
40211,}s,
40212,s,킵
40213,ss,䂭͂
40214,LOs,Ԃ
40215,Ԏs,Ȃ܂
40216,Ss,肵
40217,}s,̂
40218,ts,
40219,s,̂傤
40220,@s,ނȂ
40221,ɕ{s,ӂ
40223,És,
40224,Îs,ӂ
40225,͎s,͂
40226,{s,݂킩
40227,Ös,܂
40228,qs,炵
40229,݂܎s,݂܂
40230,s,Ƃ܂
40231,߉ϐs,Ȃ킵
40341,F,݂܂
40342,I,܂
40343,uƒ,߂܂
40344,{b,܂
40345,V{,񂮂܂
40348,vR,Ђ܂܂
40349,,܂
40381,,܂
40382,,݂܂܂
40383,_,܂
40384,꒬,񂪂傤
40401,|,܂
40402,Ǝ蒬,Ă܂
40421,j쒬,܂
40447,}O,܂
40448,,Ƃقނ
40503,品,炢܂
40522,ؒ,܂
40544,L쒬,Ђ납܂
40601,t,܂
40602,Yc,܂
40604,c,Ƃ܂
40605,蒬,킳܂
40608,C,Ƃ܂
40609,ԑ,ނ
40610,q,ӂ܂
40621,c,񂾂܂
40625,݂₱,݂₱܂
40642,gx,悵Ƃ݂܂
40646,ђ,܂
40647,z㒬,傤܂
41201,s,
41202,Îs,
41203,s,Ƃ
41204,vs,
41205,ɖs,܂肵
41206,Ys,
41207,s,܂
41208,s,
41209,s,ꂵ̂
41210,_s,񂴂
41327,g샖,悵̂肿傤
41341,R,܂傤
41345,,݂݂˂傤
41346,݂₫,݂₫傤
41387,C,񂩂傤
41401,Lc,肽傤
41423,咬,܂傤
41424,]k,ق܂
41425,Β,낢傤
41441,ǒ,炿傤
42201,s,Ȃ
42202,ێs,ڂ
42203,s,܂΂炵
42204,|s,͂₵
42205,呺s,ނ炵
42207,ˎs,Ђǂ
42208,Ys,܂炵
42209,Δns,܂
42210,s,
42211,ܓs,Ƃ
42212,Cs,
42213,_s,񂺂
42214,쓇s,݂Ȃ݂܂΂炵
42307,^,Ȃ悿傤
42308,Ò,Ƃ傤
42321,ދn,Ђ̂傤
42322,I,킽Ȃ傤
42323,g,݂͂傤
42383,l꒬,傤
42391,X,傤
42411,Vܓ,񂩂݂Ƃ傤
43100,F{s,܂Ƃ
43202,s,낵
43203,lgs,ЂƂ悵
43204,rs,炨
43205,s,݂Ȃ܂
43206,ʖs,܂Ȃ
43208,Rs,܂
43210,ers,
43211,Fys,Ƃ
43212,Vs,݂܂
43213,Fs,
43214,hs,
43215,Vs,܂
43216,us,
43348,,݂Ƃ܂
43364,ʓ,傭Ƃ܂
43367,֒,Ȃ񂩂܂
43368,F,Ȃ܂
43369,a,Ȃ݂܂
43403,Ò,Â܂
43404,ez,悤܂
43423,쏬,݂Ȃ݂ɂ܂
43424,,ɂ܂
43425,YR,Ԃ܂ނ
43428,X,܂
43432,,ɂ͂ނ
43433,숢h,݂Ȃ݂ނ
43441,D,݂ӂ˂܂
43442,Ó,܂܂
43443,v钬,܂܂
43444,b,܂
43447,Rs,܂Ƃ傤
43468,X쒬,Ђ킿傤
43482,k,܂
43484,Óޖؒ,Ȃ܂
43501,ђ,ɂ܂
43505,ǖؒ,炬܂
43506,O,̂܂܂
43507,㑺,݂݂ނ
43510,Ǒ,ނ
43511,ܖؑ,ނ
43512,R],܂ނ
43513,,܂ނ
43514,蒬,肿傤
43531,k,ꂢق܂
44201,啪s,
44202,ʕ{s,ׂՂ
44203,Îs,Ȃ
44204,cs,Ђ
44205,s,
44206,Pns,
44207,Ëvs,݂
44208,|cs,
44209,L㍂cs,Ԃ񂲂
44210,nzs,
44211,Fs,
44212,Ls,Ԃ񂲂̂
44213,Rzs,ӂ
44214,s,ɂ
44322,P,Ђ߂܂ނ
44341,o,Ђ܂
44461,d,̂܂
44462,쒬,܂
45201,{s,݂₴
45202,ss,݂₱̂傤
45203,s,ׂ̂
45204,s,ɂȂ
45205,юs,΂₵
45206,s,Ђイ
45207,Ԏs,܂
45208,ss,Ƃ
45209,т̎s,т̂
45341,OҒ,݂܂傤
45361,,͂邿傤
45382,x,ɂƂ݂傤
45383,,₿傤
45401,璬,Ȃׂ傤
45402,Vx,Ƃ݂傤
45403,ėǑ,ɂ߂炻
45404,؏钬,傤傤
45405,쒬,݂Ȃ݂傤
45406,s_,̂傤
45421,쒬,ǂ킿傤
45429,ˑ,
45430,ŗt,΂
45431,,݂Ƃ傤
45441,䒬,ق傤
45442,Ve,Ђ̂傤
45443,܃,傤
46201,s,܂
46203,s,̂₵
46204,s,܂炴
46206,vs,˂
46208,os,݂
46210,whs,Ԃ
46213,V\s,ɂ̂Ă
46214,s,݂
46215,Fs,܂񂾂
46216,us,Ђ
46217,]s,
46218,s,肵܂
46219,ؖs,̂
46220,삳܎s,݂Ȃ݂܂
46221,uzus,Ԃ
46222,s,܂݂
46223,Bs,݂Ȃ݂イイ
46224,ɍs,
46225,ǎs,炵
46303,O,݂܂ނ
46304,\,Ƃ܂ނ
46392,ܒ,܂傤
46404,,Ȃ܂傤
46452,N,䂤傤
46468,蒬,傤
46482,ǒ,Ђ炿傤
46490,э],񂱂傤
46491,,݂Ȃ݂݂傤
46492,̕t,傤
46501,q,Ȃ˂傤
46502,q,݂Ȃ݂˂傤
46505,v,₭܂傤
46523,a,܂Ƃ
46524,F,񂻂
46525,˓,Ƃ傤
46527,,傤
46529,E,傤
46530,V,Ƃ̂܂傤
46531,V钬,܂傤
46532,ɐ咬,񂿂傤
46533,a,ǂ܂肿傤
46534,m,Ȃ傤
46535,^_,񂿂傤
47201,ߔes,Ȃ͂
47205,Xps,̂
47207,Ί_s,
47208,YYs,炻
47209,s,Ȃ
47210,s,Ƃ܂
47211,s,Ȃ킵
47212,Ls,Ƃ݂
47213,܎s,܂
47214,{Ós,݂₱܂
47215,s,Ȃ񂶂傤
47301,,ɂ݂
47302,X,݂
47303,,Ђ
47306,Am,Ȃ񂻂
47308,{,ƂԂ傤
47311,[,Ȃ
47313,X,̂
47314,,񂿂傤
47315,ɍ],
47324,ǒJ,݂񂻂
47325,Î[,łȂ傤
47326,kJ,₽񂿂傤
47327,k鑺,Ȃ
47328,鑺,Ȃ
47329,,ɂ͂炿傤
47348,^ߌ,Ȃ΂邿傤
47350,앗,͂΂邿傤
47353,nÕ~,Ƃ
47354,Ԗ,܂݂
47355,,ɂ
47356,n쑺,ƂȂ
47357,哌,݂Ȃ݂Ƃ
47358,k哌,Ƃ
47359,ɕ,ւ₻
47360,ɐ,Ȃ
47361,vē,߂܂傤
47362,d,₦傤
47375,Ǌԑ,܂
47381,|x,Ƃ݂傤
47382,^ߍ,Ȃɂ傤
40305,߉ϐ쒬,Ȃ܂
04423,xJ,Ƃ݂܂
09203,Ȗ؎s,Ƃ
09367,M,ӂ˂܂
03305,,ނ
12402,Ԕ,݂炳Ƃ܂
11445,,炨܂
43201,F{s,܂Ƃ
23304,v蒬,ȂĂ傤
17344,Xs,̂̂܂
11203,s,킮
11226,Js,͂Ƃ₵
09203,Ȗ؎s,Ƃ
09321,,ɂ܂
32203,o_s,
32401,쒬,Ђ킿傤
03209,֎s,̂
03422,,ӂ킿傤
32201,]s,܂
32304,o_,Ђ傤
23213,s,ɂ
23481,F,傤
23482,gǒ,炿傤
23483,,͂傤
01439, y,ق납Ȃ傤
01488, y,قׂ̂傤
14209,͌s,݂͂炵
42202,ێs,ڂ
42388,]},ނ傤
42389,,܂傤
15202,s,Ȃ
15441,,킮܂
20202,{s,܂Ƃ
20449,gc,͂܂
09203,Ȗ؎s,Ƃ
09365,啽,Ђ܂
09366,,ӂ܂
09368,s꒬,܂
10421,V,Ȃ̂傤܂ 
10427,Z,ɂނ 
45205,юs,΂₵
45362,K,̂肿傤
45201,{s,݂₴
45301,,悽傤
43201,F{s,܂Ƃ
43341,쒬,傤Ȃ܂
43385,Aؒ,܂
11232,vs,
11446,Ҋ,傤Ԃ܂
11461,I,͂܂
11462,h{,킵݂܂
22221,ΐs,
22503,V,炢傤
46441,ؒ,傤
46442,ǒ,炿傤
46443,,傤
11210,{s,
11421,R,܂
11424,kӒ,ׂ܂
11425,嗘,Ƃ˂܂
22207,xm{s,ӂ݂̂₵
22361,Ő쒬,΂킿傤
12231,󐼎s,񂴂
12325,ב,΂ނ
12328,{W,Ƃ̂ނ
23421,,ۂ傤
23422,a,݂킿傤
23423,rڎ,傤
25204,ߍ]s,݂͂܂
25381,y,Â傤
19361,䒬,܂ق傤
19362,,킿傤
40210,s,߂
40541,ؒ,났܂
40543,Ԓ,΂Ȃ܂
40545,,ׂނ
40546,쑺,ق̂ނ
23207,Ls,Ƃ悩킵
23603,䒬,傤
35203,Rs,܂
35504,,Ƃ傤
23521,OD,݂悵傤
23521,݂悵,݂悵傤
25203,ls,Ȃ͂܂
25482,ՕP,ƂЂ߂傤
25483,Ζk,ق傤
25501,,傤
25502,ؔV{,̂Ƃ傤
25503,],悲傤
25504,䒬,ɂ傤
40222,Os,܂΂邵
40462,䒬,ɂ傤܂
40463,u,܂܂
20201,s,Ȃ̂
20581,MBV,񂵂イ܂
20589,,Ȃ傤ނ
03202,{Îs,݂₱
03487,䑺,킢ނ
01558,Nʒ,݂䂤ׂ傤
01559,Nʒ,䂤ׂ傤
23233,{s,悷
23345,t,͂Ђ傤
04205,Cs,ʂ܂
04603,{g,Ƃ悵傤
10202,s,
10363,g䒬,悵܂
10201,Os,܂΂
10303,xm,ӂ݂ނ
33201,Rs,܂
20407,q,ނ
20406,H,Ȃނ
45204,s,ɂȂ
45321,k,傤
45322,싽,Ȃ񂲂傤
09209,^s,
09341,{,ɂ݂̂܂
22214,}s,ӂ
22401,,ׂ傤
46209,s,
46421,H,Ђ肿傤
22100,És,
22383,R䒬,䂢傤
22210,xms,ӂ
22381,xm쒬,ӂ킿傤
22212,ĒÎs,₢Â
22402,쒬,킿傤
43201,F{s,܂Ƃ
43342,x,Ƃ݂܂
07201,s,ӂ܂
07309,і쒬,̂܂
15212,s,ނ炩݂
15582,r쒬,炩܂
15583,_ё,݂͂₵ނ
15584,,Ђނ
15585,Rk,ۂ܂
22209,cs,܂
22426,썪,˂傤
35213,Is,݂˂
35461,,݂Ƃ傤
35462,HF,イق傤
23207,Ls,Ƃ悩킵
23601,H,Ƃ킿傤
23604,Ò,݂Ƃ傤
39201,ms,
39383,t쒬,͂̂傤
46323,o,傤
46344,m,񂿂傤
46345,Ӓ,Ȃׂ傤
41201,s,
41302,앛,킻܂
41303,^꒬,Ђ悩傤
41304,vۓc,ڂ傤
46503,㉮v,݂₭傤
46504,v,₭傤
15201,Vs,ɂ
22202,ls,͂܂܂
09201,Fs{s,݂̂₵
09303,͓,݂킿܂
09304,͓,킿܂
45203,s,ׂ̂
45427,k쒬,킿傤
26361,R钬,܂낿傤
26362,ؒÒ,Â傤
26363,Β,傤
14209,͌s,݂͂炵
14424,쒬,ӂ̂܂
14209,͌s,݂͂炵
14421,R,܂܂
11202,FJs,܂₵
11402,]쒬,Ȃ܂
40561,,܂
40564,R쒬,܂܂
40581,c,܂
33201,Rs,܂
33303,,ׂ傤
33321,˒,Ƃ傤
07323,{{,Ƃ݂܂
07324,,炳ނ
10202,s,
10321,Y,͂Ȃ܂
40210,s,߂
40542,z,傤悤܂
19211,Js,ӂӂ
19327,쑺,ނ
27201,s,
23428,x,Ƃ݂傤
23426,\lR,イ܂ނ
23428,x,Ƃ݂傤
30326,o,ł傤
04204,Ðs,ӂ邩킵
04461,R,܂܂܂
04462,O{ؒ,ڂ񂬂傤
04463,䒬,܂܂
04481,oR,ł܂܂
04482,q,Ȃ邱傤
04502,cK,肿傤
22382,,΂炿傤
22100,És,
42202,ێs,ڂ
42384,Fv,܂
42390,X,傤
42369,Í,Â܂
42370,VÒ,̂傤
42371,Ln,݂Ȃ݂܂傤
42372,kLn,܂傤
42373,Lƒ,ɂ肦傤
42374,Lƒ,肦傤
42375,zÒ,ӂ傤
42376,[],ӂ傤
16207,s,ׂ
16341,Fތ,ȂÂ܂
36381,R,䂫傤
36382,a,Ђ킳傤
36384,C쒬,Ȃ񂿂傤
36385,C,ӂ傤
36386,,傤
20209,ɓߎs,Ȃ
20381,,Ƃ܂
20387,J,͂ނ
01542,ʒ,߂܂ׂ傤
01541,Ց,ЂƂނ
01605,Ó,Ȃ傤
01606,OΒ,݂傤
04205,Cs,ʂ܂
04604,K,炭킿傤
44321,,ɂ݂傤
44323,,ɂ܂
44324,,ނ܂
44325,,܂
10484,},܂
10501,ԁX,܂܂܂
10309,,܂ނ
40208,Rcs,܂
40422,z,Ȃ܂
40423,O䒬,܂
40424,Õ䒬,ق܂
43207,{ns,قǂ
43209,[s,Ԃ
43523,L,肠܂
43526,䏊Y,傤܂
43527,qx,炽܂
43528,{,Ƃ܂
43529,Va,܂
43530,ܘa,܂
43532,V,܂܂
43533,͉Y,키܂
12408,Œ,悱΂܂
12381,,Ђ܂
12211,cs,Ȃ肽
12341,,ӂ܂
12343,h,܂
12209,s,炵
12345,Rc,܂܂
12346,I,Ƃ܂
12344,쒬,݂܂
12404,,ȂƂ܂
12405,R,Ԃ܂
12406,@,͂ʂ܂ނ
12407,,܂܂
05343,X,͂܂
05347,l,݂˂͂܂ނ
10210,xs,Ƃ݂
10381,`,݂傤܂
10422,,Â܂ނ
10423,Ȓ,܂܂
28201,PHs,Ђ߂
28444,,ł炿傤
28522,x,₷Ƃ݂傤
28421,Ɠ,܂傤
28422,O,߂傤
08482,ɓޒ,Ȃ܂
08483,Ja,ނ
08303,쒬,܂
08304,엢,݂̂܂
08462,ʗ,܂ނ
01210,〈s,݂킵
01421,k,ނ
01422,I,肳킿傤
01221,s,Ȃ낵
01467,A,ӂ񂿂傤
01572,c,Ԃ傤
01573,ꑺ,Ƃނ
01579,,͂₫傤
01580,Ǖ,킯傤
01582,쒬,ނ킿傤
01583,ʒ,قׂ傤
21202,_s,
21342,ΒÒ,݂Â傤
21384,n,̂܂傤
40205,ђˎs,Â
40425,}䒬,ق܂
40426,g,قȂ݂܂
40427,,傤Ȃ܂
40428,oc,܂
37321,C,݂̂傤
37323,rc,傤
37381,㒬,₩݂傤
37382,쒬,傤Ȃ񂿂傤
05202,\s,̂낵
05342,c䒬,ӂ܂
33442,,񂱂傤
33443,,傤
33444,񓇒,肵܂傤
01514,}K,傤
01515,̓o,̂ڂ肿傤
28341,В,₵낿傤
28342,쒬,̂傤
28343,,Ƃ傤傤
35208,⍑s,킭ɂ
35322,RF,䂤傤
35323,ϒ,傤
35324,{,ق񂲂
35325,,イƂ傤
35326,ђ,ɂ傤
35328,쒬,݂킿傤
35329,a,݂킿傤
37401,Փ쒬,ƂȂ݂傤
37402,Z,܂̂傤
37405,쒬,イȂ񂿂傤
12461,xY,Ƃ݂܂
12462,xR,Ƃ݂܂܂
12464,OF,݂悵ނ
12465,l,͂܂܂
12466,q,܂
12467,ێR,܂܂܂
12468,ac,킾܂
25201,Îs,
25301,u꒬,傤
05341,Ջu,Ƃ܂
05344,R{,܂Ƃ܂
05345,,͂イ܂
09206,s,ɂ
09207,ss,܂
09323,,܂
09382,IR,܂ނ
09383,,ӂ͂܂
40209,Ö؎s,܂
40441,fؒ,͂܂
40442,q,܂
40622,Ґ쒬,܂
40623,R,܂܂
40624,LÒ,Ƃ܂
07361,c,܂܂
07363,ڊ⑺,Ăނ
07365,ɓ쑺,Ȃނ
07366,싽,Ȃ񂲂ނ
36204,s,Ȃ
36361,߉쒬,Ȃ킿傤
36362,HmY,͂̂炿傤
14209,͌s,݂͂炵
14422,Ëv䒬,܂
14423,͌Β,݂܂
15213,s,΂߂
15344,gc,悵܂
15343,,Ԃ񂷂܂
46207,s,Ȃ
46526,Zp,݂悤
46528,},肿傤
46404,,Ȃ܂傤
46403,,܂傤
23343,t,傤
23344,t,ɂ͂邿傤
18361,O,݂ɂ傤
18364,ۉ,܂邨傤
18365,t],͂邦傤
18366,䒬,傤
45205,юs,΂₵
45363,{ؑ,
39421,꒬,傤
39423,,傤
39404,E쒬,ڂ킿傤
39422,吳,傤傤
39425,\a,Ƃ킻
41321,_钬,񂴂܂
41322,c,悾傤
41325,ҐU,ӂނ
08216,}Ԏs,܂
08321,F,Ƃׂ܂
08322,Ԓ,܂܂
10211,s,Ȃ
10401,c,܂܂
19209,kms,قƂ
19407,,Ԃ킿傤
46208,os,݂
46401,c,̂傤
46402,쒬,̂傤
40603,c,Ȃ܂
40606,Ԓr,܂
40607,钬,ق傤܂
03207,vs,
03504,R`,܂ނ
20203,cs,
20341,ێq,܂邱܂
20345,^c,Ȃ܂
20346,Α,ނ
01208,ks,݂
01548,[쒬,̂傤
01553,C,Ƃ낿傤
01551,A,ׂׂ傤
18462,c,Ȃ傤ނ
18482,ђ,傤
30203,{s,͂Ƃ
30342,,₮傤
30401,l,͂܂傤
30405,u쒬,Ђ킿傤
36481,O쒬,݂̂傤
36483,rc,傤
36484,R钬,܂낿傤
36485,쒬,킿傤
36487,cJR,Ђ܂
36488,cJR,ɂ܂
36482,OD,݂悵傤
36486,OΒ,݂傤
33346,aC,킯傤
33345,,傤
02403,SΒ,܂
02410,c,܂
43365,e,܂
43366,Oa,݂܂
19201,b{s,ӂ
19430,xm͌Β,ӂ킮܂
19326,,Ȃ݂܂
19341,F,݂ނ
34207,Rs,ӂ܂
34501,_Ӓ,Ȃׂ傤
26461,x,₿傤
26462,꒬,킽傤
26464,c쒬,̂킿傤
01233,ɒBs,Ă
01574,ꑺ,ނ
01601,,Ђ傤
01603,ʒ,ׂ傤
41206,Ys,
41421,R,܂傤
41422,k,܂
41323,Oc쒬,݂킿傤
41324,ҐU,Ђӂ肻
41401,Lc,肽܂
41402,Lc,ɂ肽傤
39321,ԉ,傤
39322,,݂傤
39324,s,̂傤
39325,{,₷傤
39327,g쑺,悵ނ
39323,yRc,Ƃ܂傤
39326,k,ق傤
39328,,ׂ̂
02202,OOs,Ђ낳
02341,ؒ,킫܂
02342,n,܂ނ
43405,u,܂
43407,u,ɂ܂
45206,s,Ђイ
45422,,Ƃ傤
10208,as,Ԃ킵
10343,ɍے,ق܂
10342,㑺,݂̂ނ
10341,q,ނ
10302,ԏ鑺,ނ
10301,kk,΂Ȃނ
08203,yYs,炵
08465,V,ɂ͂ނ
03204,s,݂킵
03212,]hs,
03382,O,܂킿傤
03383,_,킿傤
03384,ߐ쑺,ނ
45203,s,ׂ̂
45426,k,傤
45428,kY,炿傤
19383,ʕ䒬,܂ق傤
19385,cx,Ƃ݂傤
19328,Lx,ƂƂ݂ނ
25203,ls,Ȃ͂܂
25481,䒬,傤
25484,т풬,т킿傤
25423,`,͂傤傤
25424,m쒬,킿傤
18322,i,ւ傤
18321,,܂傤
18323,u䑺,݂Ђނ
40403,{c,݂₽܂
40404,{,킩݂܂
28205,F{s,Ƃ
28685,ܐF,傤
01643,ʒ,܂ׂ傤
01640,ޑ,イ邢ނ
17204,֓s,킶܂
17462,O,񂺂܂
01335,钬,݂傤
01336,쒬,̂傤
11344,s쑺,Ƃނ
11345,ʐ쑺,܂ނ
23207,Ls,Ƃ悩킵
23602,{,݂̂₿傤
18201,s,ӂ
18302,R,݂܂傤
18424,zU,̂ނ
18426,,݂傤
21204,s,݂
21541,},͂炿傤
12214,ss,悤΂
12382,h,̂܂
10202,s,
10322,q,Ԃނ
10323,,݂Ƃ܂
10324,Qn,܂܂
10361,V,܂
24562,I,ق傤
24564,La,ǂ̂ނ
09302,͓,݂Ȃ݂킿܂
09362,΋,΂܂
09363,,Ԃ񂶂܂
03201,s,肨
03307,ʎR,܂܂ނ
24443,䒬,傤
24445,{쑺,݂₪ނ
40641,œc,܂
40643,z钬,܂
34205,s,݂̂
34206,s,̂܂
34430,˓c,Ƃ傤
11211,{s,ق񂶂傤
11382,ʒ,܂܂
37201,s,܂
37343,,傤
37362,쒬,킿傤
37363,쒬,Ȃ񂿂傤
37383,,Ԃ񂶂傤
37201,s,܂
37342,璬,ނꂿ傤
42201,s,Ȃ
42309,ՊC,񂩂傤
07208,쑽s,
07401,M[,̂ނ
07403,쒬,܂
07404,Rs,܂Ƃ܂
07406,,Ƃނ
24201,Îs,
24213,vs,Ђ
24381,͌|,킰傤
24382,|Z,̂傤
24383,,݂Ƃނ
24384,Z,̂傤
24402,ǏF,炷傤
24403,u,傤
24404,R,͂񂿂傤
24406,,݂ނ
46203,s,̂₵
46462,Pk,ق傤
46481,ǒ,炿傤
46485,ᕽ,炿傤
21201,򕌎s,ӂ
21304,Ò,ȂÂ傤
10362,SΒ,ɂ܂
10209,s,ӂ
30302,㒬,݂̂傤
30303,,݂Ƃ傤
29381,Fɒ,傤
29382,pc쒬,̂傤
29383,Y,͂΂炿傤
29384,,ނ낤ނ
42203,s,܂΂炵
42361,L,肠傤
42208,Ys,܂炵
42386,,ӂ܂傤
42387,铇,܂傤
25213,ߍ]s,Ђ݂
25382,,傤
25403,\o쒬,̂Ƃ킿傤
45201,{s,݂₴
45303,y,ǂ炿傤
08211,Cs,݂ǂ
08523,Ή,܂
08211,Cs,݂ǂ
08210,Ȏs,܂
08522,쑺,悩ނ
09205,s,ʂ܂
09322,쒬,̂܂
02365,꒬,Ђ炩܂
02363,㒬,̂܂
02368,􃖊֑,肪ނ
02445,암,ȂԂ܂
02444,쒬,Ȃ܂
02447,n,ӂނ
03205,Ԋs,͂Ȃ܂
03341,唗,͂܂܂
03342,ΒJ,ǂ₿傤
03361,a,Ƃ킿傤
03213,ˎs,ɂ̂ւ
03521,@,傤ڂ܂
03502,s,˂܂
03505,쑺,̂ނ
24441,C,傤
24444,a,ނ
07206,s,͂܂
07562,,܂܂
07563,,܂
07302,ɒB,Ă܂
07304,쒬,Ȃ܂
07305,ی,ق΂܂
07306,R,傤܂
07307,ڒ,Ă܂
30363,g,т傤
30364,,Ȃ₿傤
30365,,݂傤
20212,咬s,܂
20483,⑺,₳ނ
20484,,݂ނ
20407,q,ނ
20408,Q,Ȃ݂ނ
26201,mRs,ӂ܂
26421,Oa,݂킿傤
26422,v쒬,₭̂傤
26441,],傤
26401,,ׂ̂傤
26402,ؒ,€傤
26404,g,Ђ悵傤
26382,R,݂܂傤
15218,ܐs,
15322,,ނ܂܂
15202,s,Ȃ
15215,Ȕs,Ƃ
15404,a,킵܂ނ
15406,,Ăǂ܂܂
15403,^,悢܂
46210,whs,Ԃ
46322,R쒬,܂킿傤
46324,J,񂿂傤
46465,R,܂܂傤
46466,uzu,Ԃ傤
46467,L,肠傤
47343,,񂾂傤
47344,u,݂
47345,ʏ鑺,܂
47346,mO,˂񂻂
47347,~,傤
47349,嗢,Ƃ
11218,[Js,ӂ₵
11405,,ׂ܂
11406,{,Ƃ܂
11407,ԉ,͂Ȃ̂܂
11206,scs,傤
11422,͌,݂Ȃ݂ނ
11383,_쒬,݂܂
11384,_,݂݂ނ
23202,s,
23502,zc,ʂ傤
04503,c,傤
04504,싽,Ȃ񂲂傤
37421,,傤
37422,R{,܂Ƃ傤
37423,O쒬,݂̂傤
37425,L,ƂȂ傤
37426,lԒ,܂傤
37427,m,ɂ傤
37429,c,傤
45423,싽,Ȃ񂲂
45424,,
45425,k,
45201,{s,݂₴
45302,c쒬,̂傤
45381,,傤
45202,ss,݂₱̂傤
45342,RV,܂̂傤
45343,钬,傤傤
45344,Rc,܂傤
45345,蒬,傤
39401,y,ȂƂ傤
39406,쌩,݂̂
41202,Îs,
41382,R,ȂȂ܂ނ
41442,c,傤
41443,쒬,ꂵ̂܂
12442,΋,݂܂
12444,匴,͂܂
12445,,݂܂
07210,{s,ɂق܂
07321,B,܂
07325,㒬,킵܂
07326,a,Ƃ܂
23563,L,Ƃ˂ނ
23564,xR,Ƃ݂܂ނ
46212,s,Ԃ
46444,aӒ,ׂ݂傤
46445,쒬,悱킿傤
46448,q,܂̂傤
46449,,肵܂傤
46450,l,͂Ƃ傤
46451,R,ӂ܂傤
30321,œc,傤
30322,͒,킿傤
30323,߉꒬,Ȃ傤
30324,R,܂傤
30325,Mu쒬,킿傤
28441,_蒬,񂴂傤
28445,͓,킿傤
07205,͎s,炩킵
07462,\,Ăނ
07463,,Ђނ
07467,M,ނ
46211,cs,
46341,},傤
46342,Y,炿傤
46343,VÒ,ڂ̂傤
46368,,ۂ傤
18205,s,̂
18342,a,݂ނ
34213,ss,͂
34323,쒬,̂傤
34213,ss,͂
34327,{,݂₶܂傤
24203,ɐs,
24462,񌩒,ӂ݂傤
24463,,΂傤
24468,䉒,݂̂ނ
28361,,Ȃ傤
28362,,݂傤
28363,㒬,₿悿傤
03363,c,䂾܂
03365,,키ނ
16203,Vs,݂ȂƂ
16381,,܂
16382,咬,܂
16383,,ނ
16384,哇,܂܂
16202,s,
16422,,ӂ܂
24212,Fs,܂̂
24563,Ia,킿傤
06204,cs,
06462,,킽܂
06463,R,܂܂܂
06464,c,Ђ炽܂
07202,Îᏼs,Â킩܂
07424,͓,Ђ܂
20421,ؑ],ӂ܂܂
20426,`,Ђ悵ނ
20427,Jc,ނ
20428,Ox,݂ނ
19203,Rs,񂴂
19304,,ʂ܂傤
19305,a,܂Ƃނ
28215,O؎s,݂
28321,g쒬,悩킿傤
26403,Og,΂傤
26405,䒬,݂ق傤
26406,am,킿傤
22422,ǒ,炿傤
22423,Y,͂΂炿傤
24541,Iɒ,Ȃ܂傤
24542,CR,݂܂傤
37205,ωs,񂨂񂶂
37424,쌴,̂͂炿傤
37428,Ll,Ƃ͂܂傤
40644,Vgx,悵Ƃ݂ނ
40645,啽,ւނ
42362,,ɂ݂傤
42363,䒬,݂ق傤
42364,Ȓ,Â܂傤
42365,쒬,̂܂
42366,XΒ,킿傤
42367,l,΂܂傤
42368,R,݂Ȃ݂܂傤
08401,,Ђނ
08402,gc,ق܂
08403,m,悤ނ
20444,{鑺,ق񂶂傤ނ
20445,k,ނ
20447,䑺,ނ
46205,ؖs,̂
46361,s,傤
01206,Hs,낵
01666,,񂿂傤
01669,ʒ,ׂ傤
15201,Vs,ɂ
15345,,܂܂
43206,ʖs,܂Ȃ
43361,Ж,߂܂
43362,,悱܂܂
43363,V,Ă񂷂܂
07441,Íc,Â܂
07442,Ö{,Âق񂲂܂
07443,Vߑ,ɂނ
03208,s,Ƃ̂
03462,{瑺,݂ނ
05401,mے,ɂق܂
05402,Y,̂܂
05403,ۊ,܂
32202,lcs,͂܂
32462,钬,Ȃ傤
32463,,Ђ傤
32464,h,₳ނ
32465,O,݂݂傤
32205,cs,
32421,Ò,̂܂
32422,m,ɂ܂傤
32503,`ؑ,̂ނ
32504,Zs,ނ傤
04601,uÐ쒬,Â킿傤
04605,̒Ò,傤
09210,cs,炵
09405,Ï㑺,Â݂ނ
09406,H,΂˂܂
23231,cs,͂炵
23623,,݂傤
10445,쒬,̂܂
10446,㒬,݂Ȃ݂܂
10447,V,ɂ͂ނ
06203,߉s,邨
06423,,ӂ܂܂
06424,H,͂܂
06425,,т܂
06427,,Ђނ
06441,C,݂܂
17206,s,
17301,R,܂Ȃ܂
18203,s,ӂ
18381,,܂Ă傤
31366,k,ق傤傤
31367,h,傤
30207,V{s,񂮂
30425,F쒬,܂̂킿傤
30341,炬,炬傤
30345,ԉ,͂Ȃ̂ނ
01555,y,񂪂邿傤
01554,c,͂炿傤
01556,ېz,܂邹Ղ傤
01557,ꑺ,炽ނ
08324,␣,킹܂
08503,^ǒ,܂ׂ܂
08504,a,܂Ƃނ
11202,FJs,܂₵
11401,嗢,Ƃ܂
11403,ȏ,߂ʂ܂܂
11217,s,̂
11304,㒬,ӂ܂
11423,엢,킳Ƃ܂
24464,쐨,Ȃ񂹂傤
24465,쓇,ȂƂ傤
28213,es,ɂ킫
28364,c,낾傤傤
35203,Rs,܂
35381,n,Ƃ傤
35401,H䒬,傤
35402,S,肿傤
35403,m{,傤
41201,s,
41301,x,ǂ݂傤
41305,a,܂Ƃ傤
41306,xm,ӂ傤
41326,O,݂ނ
44362,pԒ,͂܂܂
44363,,傤Ȃ傤
44364,z@,ӂ񂿂傤
44210,nzs,
44301,c,ނ
44342,R,܂܂
42207,ˎs,Ђǂ
42381,哇,܂ނ
42382,,傤
42385,c,т炿傤
25214,Čs,܂΂s
25464,ߍ],݂傤
05203,s,悱Ă
05441,c,܂܂
05442,,Ђ炩܂
05443,Y쒬,̂܂
05444,X,܂
05445,\,イ񂶂܂
05446,R,Ȃނ
05447,Y,䂤ނ
28211,s,̂
28461,V{,񂮂傤
28462,Kې쒬,ڂ킿傤
28463,Ò,݂傤
28501,p,悤傤
28502,㌎,Â傤
28503,,Ȃ񂱂傤
28504,O,݂Â傤
28582,l⒬,͂܂傤
28584,,񂹂񂿂傤
08205,Ήs,
08463,,₳Ƃ܂
09401,ߐ{,݂Ȃ݂Ȃ܂
09402,GR,炷܂܂
09403,n,΂Ƃ܂
09404,쒬,܂
43464,k,イق܂
43465,{,݂͂܂
20205,ѓcs,
20418,㑺,݂ނ
20419,MZ,݂Ȃ݂Ȃ̂ނ
20441,Ȓ,Ȃ܂
20461,LȒ,Ƃ悵Ȃ܂
20462,䍂,ق܂
20466,O,݂Ƃނ
20467,x,ق肪˂ނ
20342,咬,ȂƂ܂
20347,ac,킾ނ
20584,瑺,ނނ
20585,O,݂ނ
15226,싛s,݂Ȃ݂ʂ܂
15462,,܂
47206,ǎs,Ђ炵
47371,Ӓ,ׂ傤
47372,n,傤
47373,쑺,̂
47374,ɗǕ,Ԃ傤
01235,Ύs,肵
01305,c,ނ
01306,lv,͂܂܂ނ
01346,_,₭傤
01365,FΒ,܂傤
11236,㕟s,݂ӂ
11322,䒬,܂
11214,ts,ׂ
11468,a,傤܂
11365,쒬,̂܂
11366,_,傤݂ނ
19342,O쒬,݂܂傤
19343,s咬,킾񂿂傤
19344,Z,낭傤
23561,݊y,炿傤
23565,Ë,ނ
23221,Vs,񂵂낵
23581,P,ق炢傤
23582,葺,łނ
37201,s,܂
37361,],̂傤
29207,ܞs,傤
29445,g쑺,ɂ悵̂ނ
29448,哃,Ƃނ
32501,Øa쒬,̂傤
32502,,ɂ͂炿傤
22427,썪,Ȃ˂傤
22428,{썪,ق񂩂˂傤
05423,pْ,̂Ă܂
05426,cΒ,킱܂
05430,ؑ,ɂނ
03209,֎s,̂
03401,Ԑ,͂Ȃ݂܂
03421,哌,Ƃ傤
03423,X,܂₿傤
03424,R,Ђ܂傤
03425,,ނ˂ނ
03426,葺,킳ނ
08204,É͎s,
08541,a,܂
08543,Oa,܂
08421,,܂
08424,kY,܂
08425,ʑ,܂܂
17384,u꒬,܂
17382,x,Ƃ܂
03304,,ɂ˂傤
03308,㒬,낿傤
03306,,܂ނ
01366,听,傤
01368,I,Ȃ傤
01369,kwR,Ђ܂傤
01220,mʎs,ׂ
01466,,Ђ傤
15310,,Ȃ傤܂
15311,쑺,납ނ
39382,r쒬,킿傤
39384,쑺,ނ
39409,m,ɂǂނ
33202,q~s,炵
33441,D䒬,ӂȂ傤
33503,^,܂т傤
08406,_,݂܂
08407,g蒬,͂܂
08406,_,݂܂
38203,Fas,킶܂
38481,gc,悵傤
38482,OԒ,݂܂傤
38486,Ó,܂傤
43202,s,낵
43461,{,Ƃނ
43462,璚,񂿂傤܂
43463,,݂܂
43466,z,Ƃ悤ނ
43467,,݂ނ
23341,f,ɂт킶܂傤
23346,F,悷傤
23347,V쒬,񂩂킿傤
12215,s,Ђ
12361,C㒬,Ȃ݂܂
12362,щ,܂
12348,,Ђ܂
46461,,݂傤
46463,,ׂ傤
46464,g,悵傤
46483,VY,̂炿傤
46484,R,܂傤
06421,쒬,܂
06422,]ڒ,܂߂܂
22217,Vs,Ăイ
22218,lks,͂܂
22462,t쒬,͂̂傤
22486,R,܂ނ
22487,vԒ,܂傤
22488,E,݂ڂ傤
22502,㒬,܂傤
22505,Y,䂤Ƃ傤
22521,׍],ق傤
22522,,Ȃ傤
22523,O,݂т傤
22202,ls,͂܂܂
05204,َs,Ă
05322,,ЂȂ܂
05325,c㒬,܂
10307,V,ɂƂނ
10308,ۍ,ق˂ނ
10203,ːs,イ
03202,{Îs,݂₱
03481,cV,낤傤
03486,V,ɂƂނ
22209,cs,܂
22425,J,Ȃ₿傤
30206,cӎs,Ȃׂ
30387,_,イނ
30402,ӘH,Ȃւ傤
30403,哃,Ƃނ
30426,{{,ق񂮂傤
15205,s,킴
15501,,Ȃ܂
15505,R,ɂ܂܂
15206,Vcs,΂
15309,_,񂶂܂
15308,쑺,ނ
15204,Os,񂶂傤
15363,h,܂
15362,c,ނ
30384,Ӓ,ׂ傤
30385,Ñ,Ȃނ
30386,R,݂܂ނ
46362,s,Ђ傤
46363,ɏW@,イ񂿂傤
46366,g,Ђ悵傤
46367,㒬,ӂ傤
21214,s,ɂ
21523,R,˂܂傤
34100,Ls,Ђ낵܂
34324,,䂫傤
39207,s,Ȃނ炵
39426,y,ɂƂނ
36406,g쒬,悵̂傤
36407,y,ǂȂ肿傤
36421,s꒬,΂傤
36422,g,킿傤
44208, |cs, 
44441, , ܂
44442, vZ, イ܂
44443, , Ȃ܂
15217,Vs,炢
15545,,݂傤܂
15547,,݂傤ނ
15217,Vs,炢
15381,Ð쒬,܂
15382,,̂܂
15383,쑺,݂ނ
15384,O쑺,݂ނ
15210,\s,Ƃ܂
15481,쐼,ɂ܂
15483,,ȂƂނ
15523,㒬,܂܂
15524,VR,܂̂܂܂
23220,s,Ȃ킵
23401,c],Ԃ傤
23402,a,ւ킿傤
04541,,͂܂傤
04542,oĒ,Ƃ܂܂
04543,a,Ƃ킿傤
04544,c,Ȃ傤
04545,L,Ƃ悳Ƃ傤
04546,ĎR,˂܂傤
04547,Ήz,܂
04548,,݂Ȃ݂܂
04602,ÎR,܂傤
04521,zْ,Ă傤
04522,,킩Ȃ傤
04523,I,肱܂܂
04524,,݂܂
04525,ꔗ,͂܂傤
04526,,݂˂傤
04527,,킿傤
04528,,Ȃ肿傤
04529,ugP,Ђ߂傤
04530,ԎR,͂Ȃ܂ނ
28621,쒬,̂傤
28622,acR,킾܂傤
28623,R,Ƃ傤
28624,,傤
28681,Ö,Ȃ傤
28682,WH,킶傤
28683,kW,ق񂿂傤
28684,{,݂̂₿傤
28686,Y,Ђ炿傤
28209,Ls,Ƃ您
28541,蒬,̂傤
28542,|쒬,̂傤
28544,,Ђ傤
28561,oΒ,傤
28562,A,Ƃ傤
42202,ێs,ڂ
42392,g䒬,悵傤
42393,m,΂邿傤
42310,ޒ,Ђ傤
42311,C,傤
42312,哇,܂傤
42313,˒,Ƃ傤
42314,吣˒,Ƃ傤
22211,֓cs,킽
22482,c,ӂł傤
22483,m,イ悤傤
22484,Lc,Ƃ悾傤
22485,L,Ƃ您ނ
22213,|s,킵
22442,{꒬,傤
22447,哌,Ƃ傤
20215,Ks,肵
20424,쑺,Ȃ炩ނ
11207,s,Ԃ
11364,gc,悵܂
11367,ꑺ,ނ
11368,r쑺,炩ނ
22201,És,
29201,ޗǎs,Ȃ炵
29301,,ނ
29321,sV,ނ
04562,{,Ƃ傤
04566,,Ȃ邹傤
04202,Ίs,̂܂
04561,͖k,ق傤
04563,Y,傤
04564,͓쒬,Ȃ񂿂傤
04565,,̂傤
04567,k㒬,݂܂
04582,,傤
16201,xRs,Ƃ܂
16301,쒬,̂܂
16302,R,܂܂
16361,,܂
16362,w,ӂイ܂
16363,Rc,܂ނ
16364,ד,قނ
26381,k,ق傤
26100,ss,傤Ƃ
38210,ɗ\s,悵
38404,R,Ȃ܂傤
38405,oC,ӂ݂傤
38442,ɕ,傤
38443,˒,Ƃ傤
38444,O蒬,݂傤
01344,,炿傤
01345,X,܂
02201,Xs,肵
02364,Q,Ȃ݂܂
07341,,Ȃʂ܂܂
07343,␣,킹ނ
07207,{s,킵
23218,s,т
23381,ؑ]쒬,킿傤
23203,{s,݂̂₵
23429,,₿傤
23430,c,ނ
23431,J,͂ނ
23432,D,肿傤
23522,,ӂ傤
23523,,΂ނ
23541,,傤
23543,R,܂ނ
23544,,Ђ傤
23545,,ȂԂ傤
23211,Lcs,Ƃ悽
28521,R蒬,܂傤
28523,{,݂̂₿傤
28524,g꒬,͂傤
28525,풬,傤
28543,Z,݂傤
28581,,ނ炨傤
28583,,݂傤
15364,V,Ȃ̂܂܂
15401,zH,܂
15402,O,݂܂܂
15421,RÎu,܂ނ
15502,,ɂ܂
15202,s,Ȃ
20443,lꑺ,ނ
20463,ސ쑺,Ȃނ
20464,ܑ,Â݂ނ
20465,쑺,ނ
20202,{s,܂Ƃ
20211,s,Ȃ̂
20601,Lc,Ƃ悽ނ
20217,vs,
20301,Pc,܂
20322,],Â܂
20325,ȑ,Ȃނ
30202,Cs,Ȃ
30301,Ò,傤
30407,{,Ƃ傤
30423,Í,傤
11213,Ύs,
11100,܎s,܂
22321,ɓ,Ȃ傤
22326,BR,ɂ܂傤
22327,m,ЂƂ傤
22323,˓c,ւނ
22203,Îs,ʂ܂Â
22306,ɓ,ɂ傤
22307,Α,ނ
47202,ΐs,킵
47203,us,킵
47322,^ߏ钬,Ȃ낿傤
47323,A,񂿂傤
22216,܈s,ӂ낢
22481,H,΂傤
